employee_id,name,age,gender,department,city,education,years_experience,salary,join_date,performance_score,phone,join_year,join_month,tenure_years
EMP0362,James Williams,43.0,,Operations,Boston,Master,7.523510814983954,93195.91876788456,2022-12-21,3.0,(640) 246-4354,2022.0,12.0,3.03
EMP0074,William White,54.0,Female,Engineering,San Francisco,Bachelor,4.954538781447729,71623.2368549326,2020-12-12,2.0,(647) 363-7774,2020.0,12.0,5.05
EMP0375,Elijah Johnson,36.0,Male,Marketing,New York,Bachelor,7.014606969761678,46775.9090603067,2024-07-04,3.0,(249) 414-8011,2024.0,7.0,1.49
EMP0156,William Walker,35.0,Female,HR,New York,High School,20.668431211504306,76196.13865475447,2024-10-15,3.0,(445) 866-1917,2024.0,10.0,1.21
EMP0105,Lucas Davis,37.0,Female,HR,New York,Bachelor,4.117646823611367,75073.56674195023,2005-01-01,2.0,(595) 143-4827,2005.0,1.0,21.0
EMP0125,Lucas Moore,28.0,Female,HR,Boston,PhD,6.34532475694748,67903.86252414148,2012-09-12,5.0,(427) 281-3364,2012.0,9.0,13.3
EMP0069,Amelia Harris,52.0,,HR,Austin,Master,11.293932712021457,72667.12283082686,2008-09-13,3.0,(869) 436-1986,2008.0,9.0,17.3
EMP0451,William Taylor,49.0,,Engineering,New York,Bachelor,5.94964023778547,104159.71364657498,2009-10-17,2.0,(956) 448-9325,2009.0,10.0,16.21
EMP0195,Amelia Jackson,40.0,Male,Finance,New York,Bachelor,9.395418890310518,72804.22343238114,2006-07-13,3.0,(710) 769-3820,2006.0,7.0,19.47
EMP0407,Ava Miller,39.0,Male,Marketing,Chicago,High School,6.081661752781054,84977.40350219714,2018-04-02,4.0,(528) 050-2195,2018.0,4.0,7.75
EMP0103,Ethan Anderson,29.0,Male,Marketing,Boston,High School,9.348199655483034,44964.344028394335,2023-03-17,4.0,(208) 032-8824,2023.0,3.0,2.8
EMP0372,Lucas Jones,46.0,Female,HR,San Francisco,High School,13.036140082326712,30000.0,2003-01-23,3.0,(415) 220-1265,2003.0,1.0,22.94
EMP0389,Evelyn Miller,32.0,Female,Sales,New York,Bachelor,7.09382508950913,80911.51439740109,2024-06-23,3.0,(756) 380-2830,2024.0,6.0,1.52
EMP0496,William Walker,27.0,Male,Engineering,San Francisco,Master,10.417173238115518,118812.05563562602,2017-09-23,2.0,(813) 565-1609,2017.0,9.0,8.27
EMP0281,Olivia Williams,40.0,,Marketing,New York,Bachelor,1.0792627226634108,37697.72819141534,2024-08-08,3.0,(641) 185-1089,2024.0,8.0,1.4
EMP0317,Logan Taylor,37.0,Female,Finance,San Francisco,PhD,16.870684330495163,98007.81844518108,2011-08-07,3.0,(949) 402-4829,2011.0,8.0,14.4
EMP0409,Oliver Jackson,31.0,Female,Sales,New York,Master,7.681460838995586,86430.29211465208,2005-03-22,5.0,(524) 744-7907,2005.0,3.0,20.78
EMP0357,Elijah Smith,43.0,Female,Finance,New York,Master,19.41844777675801,105921.59490525618,,2.0,(819) 805-6635,,,
EMP0077,Ethan Anderson,43.0,Female,Engineering,Boston,Bachelor,13.386293031501513,73944.24069371859,2008-09-24,3.0,(494) 796-1435,2008.0,9.0,17.27
EMP0462,Mia Martin,38.0,Male,HR,Chicago,PhD,15.234343584417957,143010.2619163714,2010-01-09,2.0,(348) 160-2210,2010.0,1.0,15.98
EMP0498,Sophia Jones,46.0,Male,Operations,Boston,Bachelor,12.387694605716408,70729.10739666849,2007-02-12,3.0,(570) 878-2666,2007.0,2.0,18.89
EMP0212,Harper Jones,21.0,Female,Marketing,Boston,Master,8.666594942375703,106002.51342887717,2003-05-03,1.0,(604) 147-8238,2003.0,5.0,22.67
EMP0102,Ava Martin,18.0,Female,Sales,San Francisco,Master,0.0,116786.19917593928,2005-07-11,3.0,(525) 737-8118,2005.0,7.0,20.48
EMP0335,Charlotte White,39.0,Male,Engineering,Boston,PhD,10.286734856487527,46446.67550335586,2010-08-20,4.0,(715) 755-9563,2010.0,8.0,15.37
EMP0092,William Thompson,41.0,,HR,Chicago,PhD,12.910365408021448,58256.81893991536,2022-08-09,5.0,,2022.0,8.0,3.4
EMP0441,Olivia Thomas,38.0,Male,Sales,Austin,PhD,10.189895439113595,45457.30156483452,2005-03-10,5.0,,2005.0,3.0,20.81
EMP0174,Ethan Davis,20.0,,Sales,Chicago,Master,3.255205188213752,77918.39493289127,2014-04-25,2.0,(500) 986-2909,2014.0,4.0,11.69
EMP0003,Ethan Davis,36.0,Female,HR,New York,High School,2.3822120921587544,-1000.0,2007-01-25,5.0,(950) 818-8142,2007.0,1.0,18.93
EMP0410,Charlotte Taylor,39.0,,HR,Austin,Master,12.832734232793488,77785.51030678347,2019-06-05,1.0,,2019.0,6.0,6.58
EMP0071,Liam Harris,43.0,Female,Sales,Chicago,Bachelor,8.853571948343665,88194.30017993509,,4.0,(604) 888-8858,,,
EMP0210,Emma Miller,35.0,Female,Engineering,New York,Master,5.362738030047085,87217.97982166144,2022-10-20,3.0,(567) 480-3534,2022.0,10.0,3.2
EMP0064,Logan Walker,42.0,Female,HR,Boston,PhD,10.631243061346382,58435.95424483993,2024-10-20,4.0,(365) 925-8498,2024.0,10.0,1.2
EMP0310,Olivia Miller,40.0,Female,Sales,New York,PhD,0.0,72612.38191075952,2016-04-15,2.0,(998) 993-5365,2016.0,4.0,9.71
EMP0486,Elijah Smith,31.0,Female,Finance,New York,PhD,12.78571698765797,63214.00310109821,,3.0,,,,
EMP0186,Evelyn Jones,29.0,Male,Engineering,Boston,High School,8.668203053632205,109106.11304035284,2015-12-15,3.0,(935) 427-1085,2015.0,12.0,10.05
EMP0034,Evelyn Martin,36.0,,Engineering,New York,Bachelor,4.3310141772871305,73393.12137246842,2021-07-14,2.0,,2021.0,7.0,4.47
EMP0078,James Jackson,46.0,Male,Operations,San Francisco,High School,5.863380817123105,89917.03933454822,2023-10-16,3.0,(879) 100-7638,2023.0,10.0,2.21
EMP0001,Isabella Anderson,38.0,Male,HR,Boston,Master,6.862645839051065,78395.73966416178,2002-06-09,3.0,,2002.0,6.0,23.56
EMP0012,Liam Smith,47.0,,Finance,Austin,Bachelor,2.5401038065931987,37692.14469956124,2022-07-12,4.0,(998) 931-4001,2022.0,7.0,3.47
EMP0416,Olivia Garcia,43.0,Female,Marketing,New York,PhD,1.1958185731369468,56438.41811547121,2021-12-11,5.0,(543) 454-2650,2021.0,12.0,4.06
EMP0023,James Moore,43.0,Female,HR,New York,PhD,13.254973431378398,74052.26685808641,2019-01-27,4.0,,2019.0,1.0,6.93
EMP0073,Noah Jones,35.0,,Engineering,New York,Bachelor,6.599632413746019,67058.2925741475,2004-01-08,3.0,(639) 317-1453,2004.0,1.0,21.98
EMP0183,Harper Brown,27.0,Female,Engineering,Austin,Master,5.906731816687802,69859.97000149378,2023-07-17,3.0,(379) 879-7105,2023.0,7.0,2.46
EMP0411,Mia Moore,41.0,Female,Finance,San Francisco,Master,8.539455118106185,97751.26352169436,2001-07-10,3.0,(677) 325-1022,2001.0,7.0,24.48
EMP0194,Harper Smith,20.0,Female,Marketing,New York,High School,15.095582032327664,69433.32177284523,2023-03-21,2.0,(786) 421-6234,2023.0,3.0,2.78
EMP0056,Charlotte Moore,46.0,,Engineering,San Francisco,PhD,4.203121567114976,90033.75216323137,2022-01-08,4.0,(714) 589-0230,2022.0,1.0,3.98
EMP0149,Amelia Lee,27.0,,Operations,San Francisco,High School,9.212012136692994,138717.2312802917,2014-07-15,2.0,(351) 941-5356,2014.0,7.0,11.47
EMP0019,Mia Walker,27.0,,Finance,New York,Master,1.644972224581041,97158.17710160252,2013-04-15,2.0,(718) 174-3540,2013.0,4.0,12.71
EMP0079,Lucas Moore,31.0,Female,Sales,Chicago,Bachelor,7.291470683737388,88729.50845578866,2009-07-24,1.0,(665) 809-4038,2009.0,7.0,16.44
EMP0263,James White,28.0,Female,HR,Boston,PhD,11.571927389343008,36485.13510860108,2022-05-04,4.0,(384) 635-8766,2022.0,5.0,3.66
EMP0324,Emma White,37.0,,Marketing,Austin,Bachelor,7.014606969761678,75667.25629302193,2021-01-02,3.0,(966) 701-8404,2021.0,1.0,5.0
EMP0484,Harper Jones,45.0,,HR,Chicago,PhD,9.449272182746151,42885.406446280685,2007-11-18,2.0,(457) 421-9074,2007.0,11.0,18.12
EMP0080,Emma Brown,40.0,Female,Sales,Austin,Master,5.121953799581132,74975.21870095935,2003-09-19,3.0,(814) 442-0983,2003.0,9.0,22.29
EMP0040,Elijah Anderson,42.0,Female,Sales,San Francisco,High School,8.790992062085996,103695.69714043432,2005-12-08,,,2005.0,12.0,20.07
EMP0452,Emma Moore,49.0,Male,HR,New York,Master,9.026523460173228,105195.0532291679,2024-07-14,4.0,(808) 541-9891,2024.0,7.0,1.47
EMP0178,Lucas Davis,32.0,Female,Engineering,New York,Bachelor,12.839936524965534,114202.49248879566,2008-08-12,3.0,(281) 887-2597,2008.0,8.0,17.39
EMP0353,Mia Williams,36.0,Female,HR,New York,PhD,3.036593129551713,76196.13865475447,2014-03-01,3.0,(519) 139-4005,2014.0,3.0,11.84
EMP0342,Amelia Thomas,49.0,Female,HR,New York,PhD,10.69739846705058,119114.27082725403,2009-12-23,3.0,(773) 814-3087,2009.0,12.0,16.02
EMP0278,James Harris,18.0,Female,Marketing,New York,Master,1.7237539862307445,86562.9629104102,2008-10-20,5.0,,2008.0,10.0,17.2
EMP0291,Harper Harris,29.0,Female,Engineering,New York,Bachelor,0.0,55373.682987902896,2017-03-07,3.0,(781) 178-6483,2017.0,3.0,8.82
EMP0318,Lucas Lee,32.0,Female,Sales,New York,Bachelor,12.866202247569564,88960.49658892221,2011-09-22,3.0,(794) 401-6915,2011.0,9.0,14.28
EMP0305,Liam Davis,28.0,Male,Engineering,New York,PhD,0.0,50644.06337778433,,4.0,(389) 778-5942,,,
EMP0269,Olivia Walker,37.0,Male,Marketing,Boston,PhD,8.267807307192374,75115.83308956033,2015-06-13,5.0,,2015.0,6.0,10.55
EMP0070,Logan Thomas,44.0,,Marketing,San Francisco,Master,7.962634329329997,87035.20924047133,2002-02-05,4.0,(318) 771-1815,2002.0,2.0,23.9
EMP0456,Emma Martin,52.0,Male,Engineering,New York,Bachelor,9.310187687139248,73404.45315366848,2005-10-02,,,2005.0,10.0,20.25
EMP0466,Ethan Moore,23.0,Male,Finance,Boston,Master,12.298868417826622,44306.02350422396,2018-07-17,3.0,(514) 443-1392,2018.0,7.0,7.46
EMP0155,James Wilson,49.0,,Finance,San Francisco,Bachelor,10.26469275504307,53812.581856832665,2002-11-25,2.0,(768) 882-9446,2002.0,11.0,23.1
EMP0083,Olivia Martin,49.0,Male,HR,New York,High School,6.309292493695487,45853.4437118405,2008-10-19,5.0,(797) 015-8399,2008.0,10.0,17.2
EMP0478,Oliver Moore,45.0,Male,Marketing,New York,Bachelor,3.956178928594327,70695.69946593844,2019-06-20,,(489) 433-7240,2019.0,6.0,6.54
EMP0173,James Taylor,26.0,Male,Marketing,Austin,Master,18.805968735347,80079.42351167955,2012-06-01,3.0,,2012.0,6.0,13.59
EMP0072,Mason Williams,26.0,Male,Marketing,New York,PhD,14.109552430584309,118340.2746641656,2012-10-21,2.0,(691) 270-0278,2012.0,10.0,13.2
EMP0091,Logan White,23.0,Female,Engineering,New York,High School,5.701436499080891,40718.76617451544,2014-01-02,1.0,,2014.0,1.0,12.0
EMP0181,Amelia Thomas,28.0,Female,Marketing,Austin,High School,8.655979838359999,77959.91412551585,2020-05-23,,,2020.0,5.0,5.61
EMP0415,Harper Johnson,21.0,Female,Engineering,New York,Bachelor,12.632163136076796,96468.74387909444,2014-04-27,2.0,(459) 746-4317,2014.0,4.0,11.68
EMP0313,Lucas Jones,18.0,Male,HR,New York,PhD,0.0,125690.535903456,2024-08-09,2.0,(256) 021-2985,2024.0,8.0,1.4
EMP0279,Sophia Walker,42.0,Female,Engineering,Austin,Bachelor,15.72493657525752,75069.6407177506,2011-12-05,4.0,,2011.0,12.0,14.08
EMP0382,Amelia Anderson,56.0,,HR,New York,High School,13.661113898645027,77959.08080789194,2013-05-21,3.0,(570) 240-1863,2013.0,5.0,12.62
EMP0473,Mia Martin,24.0,Male,Marketing,New York,PhD,6.671933945755113,100025.54589174202,2016-12-08,3.0,(895) 511-3477,2016.0,12.0,9.07
EMP0363,Evelyn Taylor,33.0,,Sales,New York,High School,4.346772927656046,62888.202068538885,2020-06-08,3.0,(699) 737-0104,2020.0,6.0,5.57
EMP0348,Isabella Davis,36.0,,Sales,New York,Bachelor,11.677795936846833,77918.39493289127,2020-01-26,1.0,(358) 654-2946,2020.0,1.0,5.93
EMP0087,Isabella Harris,25.0,Male,Marketing,San Francisco,PhD,5.5609187642690925,68112.07876659815,2010-12-14,5.0,(642) 504-7497,2010.0,12.0,15.05
EMP0076,Noah Taylor,29.0,Female,Operations,San Francisco,PhD,8.562801823585954,89917.03933454822,2001-10-11,4.0,,2001.0,10.0,24.22
EMP0439,Ava Miller,18.0,,Engineering,Boston,High School,8.90114378820755,67142.2375568269,2019-10-08,4.0,(551) 503-9420,2019.0,10.0,6.23
EMP0016,Ethan Moore,21.0,Male,Operations,New York,High School,10.567794442260515,53897.323510170485,2000-03-22,2.0,(773) 129-5882,2000.0,3.0,25.78
EMP0250,Olivia Anderson,30.0,Male,Finance,New York,PhD,7.736830682047286,75365.52431556577,2021-08-16,2.0,,2021.0,8.0,4.38
EMP0434,Elijah Smith,30.0,Female,HR,Chicago,Master,9.23789782145969,55428.24770550732,2017-06-22,4.0,,2017.0,6.0,8.53
EMP0020,Ava Wilson,50.0,Female,HR,New York,Master,5.228799364121252,76196.13865475447,2023-03-27,4.0,(747) 978-8359,2023.0,3.0,2.77
EMP0333,Evelyn Harris,20.0,Male,Sales,Chicago,PhD,10.934161412627583,-1000.0,2004-02-25,4.0,(832) 526-0054,2004.0,2.0,21.85
EMP0057,Emma Smith,30.0,Female,Finance,San Francisco,Bachelor,1.7704796744953564,85679.09680455005,2012-08-24,,(737) 644-3047,2012.0,8.0,13.36
EMP0302,James Thomas,30.0,Male,HR,Boston,Bachelor,7.767433606198848,85949.30524850111,2001-08-16,4.0,(876) 495-4491,2001.0,8.0,24.38
EMP0230,Olivia Jackson,58.0,Female,HR,Chicago,Master,2.597030554904639,53492.46740182603,2016-11-07,3.0,(679) 623-4587,2016.0,11.0,9.15
EMP0332,Mia Garcia,31.0,Male,Operations,New York,High School,6.201572124990065,89917.03933454822,2008-05-10,4.0,(645) 790-8437,2008.0,5.0,17.65
EMP0133,Liam Walker,35.0,Female,HR,Austin,High School,9.23789782145969,87145.19014755421,2007-09-01,4.0,(688) 399-1535,2007.0,9.0,18.34
EMP0424,Mia Jackson,32.0,Female,HR,Boston,Bachelor,0.0,139309.01947334845,2013-08-08,5.0,,2013.0,8.0,12.4
EMP0336,Amelia Davis,44.0,Female,Operations,Chicago,Master,13.618250388267985,73242.25165082257,2010-06-18,5.0,,2010.0,6.0,15.54
EMP0026,Liam Harris,20.0,Female,Sales,New York,High School,15.495937832390972,87587.05045310086,2015-03-12,4.0,(848) 097-3276,2015.0,3.0,10.81
EMP0465,Logan Lee,49.0,Male,Finance,New York,Bachelor,5.507112635001577,105888.66405321924,2022-11-10,3.0,(472) 490-5124,2022.0,11.0,3.14
EMP0282,Ethan Brown,29.0,Female,Finance,San Francisco,High School,9.492863350231596,98737.67657306412,2006-06-24,2.0,(460) 067-0305,2006.0,6.0,19.52
EMP0248,Logan Jones,32.0,,Engineering,New York,Master,14.59742646796887,38659.1039696373,2000-01-13,4.0,(736) 965-1945,2000.0,1.0,25.97
EMP0238,Noah Brown,34.0,Male,Marketing,New York,Bachelor,2.187735523989246,64506.51408217884,2003-11-16,2.0,(480) 483-3234,2003.0,11.0,22.13
EMP0118,Amelia Miller,38.0,Male,Marketing,Chicago,Bachelor,12.703335134145124,101578.45807983926,2002-03-09,2.0,(742) 994-4670,2002.0,3.0,23.82
EMP0043,Harper Martin,49.0,,Marketing,Chicago,Master,9.003785153136084,71735.42312552764,2021-12-11,2.0,(789) 473-6700,2021.0,12.0,4.06
EMP0177,Mason Miller,30.0,Male,Engineering,Chicago,PhD,11.928071415335712,72934.8494066867,2017-12-14,3.0,(715) 443-1796,2017.0,12.0,8.05
EMP0321,William White,56.0,Female,HR,New York,High School,8.107189681204858,52679.34490261854,2000-09-14,4.0,(754) 150-7932,2000.0,9.0,25.3
EMP0154,Liam Anderson,18.0,Male,Sales,Austin,High School,11.835476244189236,52880.46038838469,2024-06-19,3.0,(402) 765-6452,2024.0,6.0,1.54
EMP0383,Emma Garcia,23.0,Male,Marketing,Boston,PhD,9.589052749345564,77500.68398055407,2001-09-20,4.0,(672) 673-8922,2001.0,9.0,24.28
EMP0228,Amelia Garcia,53.0,Female,Engineering,New York,Master,8.90114378820755,75653.85836392727,2022-07-11,2.0,(581) 252-1976,2022.0,7.0,3.48
EMP0418,Lucas Harris,39.0,Female,Finance,Austin,PhD,4.716789365740596,74599.16100691783,2003-05-01,1.0,,2003.0,5.0,22.67
EMP0127,Liam Anderson,39.0,Male,Finance,San Francisco,Bachelor,11.139562711804937,75371.44129361054,2001-12-13,4.0,(510) 927-8684,2001.0,12.0,24.05
EMP0330,Olivia Jones,37.0,Male,HR,Chicago,High School,13.63899411171628,89113.00840733378,2006-07-27,,(590) 302-8115,2006.0,7.0,19.43
EMP0032,Sophia Jones,28.0,Male,HR,San Francisco,High School,5.7112307337426245,88994.02385843406,2004-05-17,4.0,(651) 579-4456,2004.0,5.0,21.63
EMP0114,Noah Davis,31.0,Male,Marketing,San Francisco,Master,18.20099163887265,71081.74662025597,2011-08-16,2.0,(300) 171-0201,2011.0,8.0,14.38
EMP0471,William Harris,34.0,Male,Finance,Chicago,Bachelor,4.60122279383439,80191.33058199867,2017-05-13,2.0,(210) 355-6489,2017.0,5.0,8.64
EMP0272,James Taylor,35.0,,Marketing,Boston,Bachelor,9.323572708182818,77959.91412551585,2011-08-15,,(964) 755-4885,2011.0,8.0,14.38
EMP0141,Mason Smith,34.0,,HR,San Francisco,Bachelor,6.775264678685909,64405.19527904652,2024-06-27,4.0,(598) 484-3046,2024.0,6.0,1.51
EMP0058,Charlotte Jones,36.0,Female,Finance,Austin,High School,8.692181850669943,83028.36447798087,2008-09-22,5.0,(749) 408-6345,2008.0,9.0,17.28
EMP0193,Oliver Thomas,35.0,Female,HR,New York,Master,9.23789782145969,63250.32932863196,2004-06-19,5.0,(589) 785-6019,2004.0,6.0,21.54
EMP0025,Oliver Johnson,22.0,,Engineering,Boston,High School,4.270947669376078,64230.219575953466,2013-08-11,1.0,(788) 926-7011,2013.0,8.0,12.39
EMP0018,Harper Davis,25.0,Male,Marketing,Austin,Bachelor,7.014606969761678,93308.88391663428,2006-08-19,4.0,(740) 478-7230,2006.0,8.0,19.37
EMP0266,Emma Thomas,47.0,Male,Engineering,Chicago,High School,0.0,93292.4707226684,2019-07-07,3.0,,2019.0,7.0,6.49
EMP0067,Ava Davis,33.0,Male,Engineering,Chicago,Bachelor,10.828868025682787,85651.04787178183,2007-11-01,3.0,(238) 584-9492,2007.0,11.0,18.17
EMP0209,Oliver Walker,49.0,Male,Marketing,San Francisco,Master,6.210996212512216,69173.38117626705,2012-11-09,2.0,,2012.0,11.0,13.14
EMP0480,Mia Lee,39.0,Female,Finance,Austin,PhD,6.7527794681538325,41796.915447760286,2018-04-26,3.0,(836) 079-8877,2018.0,4.0,7.69
EMP0095,Oliver Thompson,29.0,Male,Marketing,Austin,Bachelor,5.77849742934372,59947.27762736834,2013-05-17,3.0,(544) 371-9942,2013.0,5.0,12.63
EMP0254,James Jackson,37.0,Female,Operations,Boston,High School,6.858329842353759,98458.0870130156,2021-07-06,3.0,(552) 647-9233,2021.0,7.0,4.49
EMP0267,Isabella Walker,37.0,Male,Engineering,New York,Master,7.446174485665088,64360.74810828752,2023-02-26,2.0,,2023.0,2.0,2.85
EMP0262,Mia Garcia,54.0,Female,Marketing,Chicago,PhD,8.390219716425067,110677.3635157704,2018-02-27,3.0,,2018.0,2.0,7.84
EMP0427,Liam Thomas,48.0,Male,Sales,New York,Bachelor,13.071803706002669,77918.39493289127,,2.0,,,,
EMP0117,Isabella Johnson,42.0,Female,Engineering,Austin,Bachelor,0.0,52139.62888901436,2011-07-26,4.0,(811) 107-9145,2011.0,7.0,14.44
EMP0046,Ethan Wilson,47.0,Female,Finance,New York,High School,0.0,60950.89573390295,2008-06-01,5.0,(405) 528-0340,2008.0,6.0,17.59
EMP0017,William Garcia,46.0,Male,Finance,Chicago,PhD,4.712466811592427,94640.12497576373,2007-08-20,4.0,(628) 924-8590,2007.0,8.0,18.37
EMP0463,Charlotte Lee,38.0,Male,Marketing,Boston,Master,0.7937884380860645,72616.33738762178,2005-02-08,4.0,(803) 368-6794,2005.0,2.0,20.9
EMP0358,Oliver Johnson,28.0,,Sales,Chicago,High School,9.596051766889277,112379.7200953928,2021-09-11,2.0,(915) 631-5180,2021.0,9.0,4.31
EMP0004,Noah Miller,19.0,Male,HR,New York,Master,17.55938957411305,84837.01987593438,2008-07-17,4.0,(334) 143-2444,2008.0,7.0,17.46
EMP0219,Emma Moore,54.0,Male,Marketing,Austin,Master,6.169147331482632,101899.53581975756,2019-04-09,5.0,(405) 857-2459,2019.0,4.0,6.73
EMP0406,Lucas Taylor,18.0,Male,Marketing,Chicago,High School,11.56207190325548,58791.92079531734,2000-07-11,2.0,(581) 823-6247,2000.0,7.0,25.48
EMP0061,Oliver Jones,20.0,Female,Marketing,Austin,Bachelor,7.014606969761678,94156.55258335956,2018-01-13,2.0,,2018.0,1.0,7.97
EMP0111,Oliver Miller,28.0,Male,HR,Austin,High School,15.397301983522995,71132.71068621713,2022-06-20,3.0,(755) 290-8323,2022.0,6.0,3.53
EMP0319,Ava Smith,44.0,,Engineering,New York,Bachelor,11.816916732430396,56940.939306109634,2013-05-15,1.0,,2013.0,5.0,12.63
EMP0429,James Miller,39.0,Female,HR,New York,Master,3.736399844854973,36870.32913183232,2006-01-23,4.0,(986) 045-7232,2006.0,1.0,19.94
EMP0030,Ava Garcia,59.0,,Engineering,Chicago,Master,7.306554302659661,69083.5521936701,2017-08-04,2.0,,2017.0,8.0,8.41
EMP0438,Elijah Anderson,35.0,Male,Engineering,New York,PhD,11.31616158047702,67794.26471620912,,3.0,(426) 389-4629,,,
EMP0472,Olivia Brown,55.0,Male,Engineering,New York,Bachelor,6.244667477912321,109110.07293900508,2021-08-18,4.0,(754) 212-8347,2021.0,8.0,4.37
EMP0027,Logan Thompson,18.0,Male,Finance,Austin,Master,8.890046326701306,72496.02148007954,2021-03-04,3.0,(680) 217-4842,2021.0,3.0,4.83
EMP0008,Isabella Thompson,35.0,Male,Finance,New York,PhD,6.740131498594549,74599.16100691783,2001-02-22,4.0,(205) 359-5530,2001.0,2.0,24.86
EMP0454,Lucas Williams,37.0,Male,HR,Austin,Bachelor,15.909778130382284,127583.4735963977,2012-11-24,4.0,(614) 635-2278,2012.0,11.0,13.1
EMP0109,William Jackson,42.0,,Marketing,New York,PhD,7.515623314438069,50439.09899255175,2002-06-03,4.0,,2002.0,6.0,23.58
EMP0038,Logan Lee,32.0,Female,Finance,New York,Bachelor,12.682634462840385,47876.72192652011,2009-02-13,4.0,,2009.0,2.0,16.88
EMP0158,Liam Martin,39.0,Male,Sales,San Francisco,Bachelor,6.988357285939834,105792.69613263928,2012-06-07,5.0,(950) 569-5567,2012.0,6.0,13.57
EMP0490,Olivia Anderson,39.0,Male,Marketing,Chicago,High School,0.0,64015.360177324015,2009-02-19,5.0,(472) 976-9841,2009.0,2.0,16.87
EMP0119,Mason White,27.0,Female,Finance,San Francisco,High School,12.359525683589272,90577.32098762652,2009-12-06,2.0,(907) 708-9385,2009.0,12.0,16.07
EMP0115,Emma Taylor,35.0,Male,Marketing,Austin,Master,0.0,60679.41190525437,2020-10-23,3.0,(820) 136-0912,2020.0,10.0,5.19
EMP0374,Olivia Lee,31.0,Male,Marketing,New York,Bachelor,4.712181560432738,68816.45601897064,2004-07-23,4.0,(880) 722-4269,2004.0,7.0,21.44
EMP0182,Evelyn Thomas,32.0,Female,Operations,New York,Bachelor,5.898435617543756,83322.31645094664,2001-04-12,4.0,(613) 588-3267,2001.0,4.0,24.72
EMP0145,Isabella White,38.0,Female,Engineering,San Francisco,Master,2.428831350154293,42351.668285042506,2019-09-17,4.0,(802) 538-9101,2019.0,9.0,6.29
EMP0370,Isabella Thomas,38.0,Male,Engineering,San Francisco,PhD,3.559532211481041,82301.47398635287,2022-10-10,2.0,(402) 385-8241,2022.0,10.0,3.23
EMP0391,Mia Taylor,38.0,Male,Marketing,Austin,PhD,10.24106247611035,77959.91412551585,,3.0,,,,
EMP0196,William Williams,41.0,Male,Marketing,New York,PhD,13.084536406719057,93758.21654109174,2007-04-11,1.0,(859) 531-9006,2007.0,4.0,18.73
EMP0405,Olivia Johnson,26.0,Male,Finance,New York,Bachelor,10.271297165060368,96868.75992172184,2006-09-08,4.0,(720) 826-9635,2006.0,9.0,19.32
EMP0455,James Anderson,40.0,Female,Operations,San Francisco,High School,5.912527455172606,119813.14361208238,2005-07-24,3.0,,2005.0,7.0,20.44
EMP0142,Logan Jackson,25.0,Male,HR,New York,High School,11.524224060360655,64089.453832948406,2009-06-17,3.0,,2009.0,6.0,16.54
EMP0068,Ethan Walker,18.0,,Engineering,New York,Master,8.90114378820755,70062.12559603428,2020-12-15,5.0,(404) 144-0260,2020.0,12.0,5.05
EMP0211,Charlotte Miller,58.0,,Engineering,Boston,High School,10.053934137332874,98125.0468866616,2000-02-17,5.0,(694) 673-0481,2000.0,2.0,25.87
EMP0169,Emma Harris,34.0,Male,Marketing,Chicago,High School,3.842673788877107,81410.91009124457,2016-01-11,5.0,,2016.0,1.0,9.97
EMP0376,Charlotte Taylor,41.0,Male,Operations,Chicago,High School,6.595922532117236,77485.06988884637,2011-04-09,4.0,(475) 682-2401,2011.0,4.0,14.73
EMP0401,Ethan Anderson,52.0,Female,Engineering,Austin,Master,7.2823470276927456,91758.34099716452,2023-10-15,3.0,(397) 018-3462,2023.0,10.0,2.21
EMP0273,Elijah Wilson,43.0,,HR,New York,PhD,7.4645965097953795,72152.71316939962,,3.0,,,,
EMP0110,Olivia Harris,41.0,,Sales,New York,Master,8.889212304606259,81650.72282964546,2023-02-05,4.0,,2023.0,2.0,2.9
EMP0249,Logan Davis,38.0,Female,Sales,New York,Bachelor,3.1758504798542546,45648.351466642576,2023-11-14,3.0,(865) 159-2747,2023.0,11.0,2.13
EMP0146,Lucas Garcia,18.0,Female,Finance,Chicago,High School,8.615818484388065,74797.22451936254,2016-04-16,3.0,(697) 930-5039,2016.0,4.0,9.71
EMP0093,Emma Moore,30.0,Female,Operations,Boston,Master,11.78370805520559,102621.50663931572,2012-09-21,4.0,,2012.0,9.0,13.28
EMP0368,Ava Davis,50.0,,HR,Chicago,PhD,8.223159228459092,76196.13865475447,2000-09-05,3.0,(409) 933-7177,2000.0,9.0,25.32
EMP0468,Liam Jackson,32.0,Male,Marketing,New York,PhD,1.5529497339745475,112718.79312489068,2003-02-12,4.0,(311) 844-7156,2003.0,2.0,22.89
EMP0084,Mia Brown,34.0,,HR,Boston,Bachelor,9.23789782145969,54203.10634319063,,3.0,(892) 382-0549,,,
EMP0246,Isabella Harris,28.0,Female,Finance,Boston,Master,5.715145995846706,84237.61591184913,,4.0,(306) 662-8394,,,
EMP0166,Ethan White,28.0,Male,Marketing,New York,PhD,0.0,67932.8396790904,2000-10-01,4.0,(579) 955-4670,2000.0,10.0,25.25
EMP0164,Noah Moore,41.0,Female,Operations,New York,Master,9.092600093706436,93471.7345645784,2001-04-16,2.0,(461) 959-3561,2001.0,4.0,24.71
EMP0200,Sophia Anderson,40.0,Female,Marketing,New York,High School,0.0,101690.86871218644,2005-02-23,,,2005.0,2.0,20.85
EMP0229,Liam Lee,52.0,,Sales,Chicago,High School,13.265450431379984,112574.41869027134,2021-05-22,3.0,(750) 026-3050,2021.0,5.0,4.61
EMP0075,Liam Anderson,31.0,Female,Finance,Austin,Master,13.63298694224915,88468.118604894,2007-03-03,3.0,(818) 609-4921,2007.0,3.0,18.83
EMP0479,James Lee,31.0,Male,HR,New York,High School,9.85584542043875,109769.14787035352,2005-01-10,3.0,(260) 916-8392,2005.0,1.0,20.97
EMP0359,Oliver Smith,42.0,,Marketing,San Francisco,PhD,5.187369482656592,83911.14752272816,2002-10-23,3.0,(315) 540-4554,2002.0,10.0,23.19
EMP0251,Mason Walker,37.0,,Finance,New York,High School,8.615818484388065,69135.20242706906,2011-04-07,4.0,,2011.0,4.0,14.74
EMP0120,Mia Walker,29.0,Female,Engineering,New York,Master,5.33418567863048,30000.0,2017-02-20,2.0,,2017.0,2.0,8.86
EMP0168,William Thompson,29.0,,Engineering,New York,PhD,19.37052209047944,80066.14233117417,2006-02-26,3.0,(911) 872-9335,2006.0,2.0,19.85
EMP0300,Mason Martin,43.0,Male,Engineering,Boston,Bachelor,0.096932295818819,70792.4050672361,2003-08-06,4.0,(806) 253-8236,2003.0,8.0,22.41
EMP0256,Evelyn Miller,32.0,Female,Operations,San Francisco,Bachelor,10.23070744414604,115806.3851748538,2014-07-17,3.0,(767) 326-1337,2014.0,7.0,11.46
EMP0355,Logan Wilson,34.0,Male,Finance,San Francisco,Bachelor,5.992209684134135,46243.61715729756,,3.0,(735) 248-7425,,,
EMP0400,Charlotte Williams,30.0,Female,HR,San Francisco,Master,12.692754673641211,77701.93324404348,2002-10-10,4.0,(349) 881-0127,2002.0,10.0,23.23
EMP0226,Charlotte Taylor,38.0,Female,HR,Austin,Bachelor,14.673926461860209,106718.95446585346,2013-01-11,2.0,(342) 154-6537,2013.0,1.0,12.97
EMP0354,Harper Wilson,41.0,Male,HR,Chicago,Bachelor,7.851739861844222,118341.96942087285,2004-01-16,3.0,(742) 786-7088,2004.0,1.0,21.96
EMP0235,William Johnson,35.0,Male,HR,Chicago,High School,10.90400755744778,75802.59714357473,2021-12-04,5.0,,2021.0,12.0,4.08
EMP0275,Lucas Johnson,28.0,Male,Marketing,New York,Bachelor,7.014606969761678,68603.72406129907,2008-01-18,1.0,(824) 829-5143,2008.0,1.0,17.95
EMP0037,Noah Davis,33.0,Male,Finance,Boston,Master,7.885686071357201,64165.50160517178,2016-03-08,3.0,(859) 487-3650,2016.0,3.0,9.82
EMP0197,Evelyn Taylor,25.0,Male,Engineering,San Francisco,High School,9.513376136415989,56924.68478254911,2005-12-01,4.0,(857) 538-1726,2005.0,12.0,20.08
EMP0140,Ava Martin,37.0,Male,Operations,San Francisco,PhD,8.030016210752251,110444.05422159033,2018-12-14,5.0,(480) 007-0875,2018.0,12.0,7.05
EMP0245,Mia Jones,32.0,Female,Engineering,New York,Master,0.0,64412.58431330775,2011-07-15,3.0,(959) 420-2169,2011.0,7.0,14.47
EMP0287,Lucas Davis,27.0,,HR,New York,PhD,14.738661641437744,54285.71563311391,2013-07-25,4.0,(762) 584-3696,2013.0,7.0,12.44
EMP0060,Olivia Jones,30.0,,Engineering,Austin,Bachelor,20.209340222122677,60135.513251543816,2019-02-05,2.0,,2019.0,2.0,6.9
EMP0112,Lucas Smith,31.0,Female,Finance,Boston,Master,10.394074612857423,63296.18972339247,2005-01-16,1.0,(628) 242-5692,2005.0,1.0,20.96
EMP0090,James Martin,26.0,Male,Engineering,Austin,Master,8.90114378820755,73114.2789931481,2000-02-19,2.0,(700) 167-6733,2000.0,2.0,25.87
EMP0437,Olivia White,38.0,,Finance,San Francisco,Bachelor,6.994309222495219,74599.16100691783,,2.0,(943) 296-5997,,,
EMP0361,Sophia Taylor,28.0,Male,HR,New York,Bachelor,4.7569883551121,80051.97915188894,2004-07-03,5.0,(418) 622-0472,2004.0,7.0,21.5
EMP0347,Mia Wilson,24.0,Male,Marketing,Chicago,High School,10.209582322958092,66055.14045284798,2016-10-20,,(903) 887-8965,2016.0,10.0,9.2
EMP0339,Amelia Anderson,38.0,,Engineering,Austin,High School,6.909708740585852,118951.8539057822,2010-06-21,1.0,(927) 436-4411,2010.0,6.0,15.53
EMP0159,Sophia Taylor,52.0,Female,Operations,San Francisco,Master,0.0,30000.0,2010-02-10,5.0,(885) 094-5168,2010.0,2.0,15.89
EMP0151,Harper Taylor,35.0,Male,Engineering,Austin,High School,13.615461427010151,87067.71865650715,2010-08-17,3.0,(413) 509-6714,2010.0,8.0,15.38
EMP0394,Harper Lee,40.0,Male,Finance,Boston,PhD,15.069006608028944,74510.19331767756,2000-12-24,4.0,,2000.0,12.0,25.02
EMP0185,Harper Davis,47.0,,Engineering,Chicago,High School,10.91684897748463,84140.9394882641,2019-10-01,3.0,(793) 062-9152,2019.0,10.0,6.25
EMP0450,Ethan Anderson,31.0,Female,HR,New York,PhD,13.306212585688362,74600.26175917509,2012-06-05,4.0,(978) 732-3268,2012.0,6.0,13.57
EMP0011,William Wilson,25.0,Male,Engineering,New York,High School,12.344734202762735,102712.11477126292,2011-08-04,2.0,,2011.0,8.0,14.41
EMP0381,Mason Lee,40.0,Female,Engineering,Austin,High School,9.732377291350714,87321.25250552049,2001-05-26,3.0,,2001.0,5.0,24.6
EMP0082,Mason Taylor,34.0,Female,Finance,New York,High School,9.67778243848878,41980.86744729033,2005-08-05,2.0,(485) 315-5348,2005.0,8.0,20.41
EMP0039,Sophia Jackson,26.0,,HR,New York,PhD,4.66947455790856,76144.1982454136,2020-11-23,3.0,(371) 879-5676,2020.0,11.0,5.11
EMP0315,Mia Anderson,37.0,Male,Operations,New York,Master,9.342210037940957,114121.70885980492,2004-08-19,4.0,(511) 138-1979,2004.0,8.0,21.37
EMP0470,Ethan Walker,38.0,Female,Finance,New York,PhD,8.758831517621198,104208.17850090803,2018-06-24,2.0,(794) 619-2835,2018.0,6.0,7.52
EMP0475,Ava Jackson,33.0,Female,Engineering,San Francisco,Master,0.0,129105.70659090955,2007-05-19,4.0,(578) 521-5096,2007.0,5.0,18.62
EMP0199,Mason Walker,46.0,Male,Engineering,New York,Bachelor,12.756036462776272,71524.93470885024,2018-07-01,4.0,(994) 198-3295,2018.0,7.0,7.5
EMP0298,Amelia Brown,30.0,Male,Finance,New York,High School,9.575282200792422,115414.394280836,2016-07-11,4.0,(700) 419-8246,2016.0,7.0,9.48
EMP0417,Logan Smith,39.0,Male,HR,Austin,Bachelor,13.391520003300151,96757.22399267869,2024-03-14,,(910) 518-6401,2024.0,3.0,1.8
EMP0147,Mia Thomas,21.0,Male,Marketing,Boston,PhD,4.425322755285128,81498.19946320304,2003-01-17,4.0,,2003.0,1.0,22.96
EMP0393,Charlotte Thomas,44.0,,HR,New York,Master,5.98400373772668,43702.80752800644,,3.0,(516) 257-5784,,,
EMP0148,James Walker,30.0,,Marketing,Austin,Bachelor,17.29157564580031,79001.89370704463,2016-11-19,3.0,(604) 944-5458,2016.0,11.0,9.12
EMP0288,Charlotte Martin,45.0,,Engineering,New York,Master,13.374987374072257,93393.136388088,2022-11-22,3.0,(414) 389-2041,2022.0,11.0,3.11
EMP0124,Amelia Miller,31.0,,Sales,San Francisco,High School,7.105533967923766,100224.46741273665,2002-05-08,2.0,(849) 690-8678,2002.0,5.0,23.65
EMP0369,Liam Jackson,40.0,Female,Marketing,San Francisco,Master,13.420706621129748,68663.19328944472,2021-02-09,4.0,(829) 405-3304,2021.0,2.0,4.89
EMP0097,Harper Walker,47.0,Male,HR,New York,Master,1.0454065024574293,85178.18193568336,2006-07-20,5.0,,2006.0,7.0,19.45
EMP0144,Harper Garcia,37.0,,Engineering,New York,High School,4.480437040060698,30820.96525909694,2008-05-17,3.0,(457) 095-6406,2008.0,5.0,17.63
EMP0240,Mason Martin,27.0,Female,Engineering,San Francisco,High School,9.694479951607194,83272.55677079746,2022-07-22,4.0,,2022.0,7.0,3.45
EMP0443,Elijah Davis,33.0,Male,HR,Chicago,High School,12.04432257222523,105876.47734799096,2003-01-19,4.0,(347) 615-9187,2003.0,1.0,22.95
EMP0098,William Moore,36.0,Female,HR,Austin,High School,13.639252325443824,119804.91167491862,2020-08-21,3.0,(748) 136-1996,2020.0,8.0,5.36
EMP0408,Isabella Davis,33.0,Female,HR,Boston,High School,4.972369607729702,76196.13865475447,2022-11-02,3.0,(564) 873-4333,2022.0,11.0,3.16
EMP0123,Noah Taylor,28.0,,Operations,Austin,PhD,9.764740645959105,121637.47016295236,2021-02-01,5.0,(390) 216-1500,2021.0,2.0,4.91
EMP0184,Noah Garcia,36.0,,Finance,New York,PhD,10.826161456993765,80338.03112246185,2006-05-09,3.0,(200) 363-4846,2006.0,5.0,19.65
EMP0203,Noah Thompson,42.0,,Engineering,New York,PhD,13.624732987089128,86151.39816729656,,1.0,(996) 490-0635,,,
EMP0247,Evelyn Moore,41.0,Male,HR,Chicago,Bachelor,10.137068150148092,102023.71765994254,2024-02-16,4.0,(967) 450-0880,2024.0,2.0,1.88
EMP0306,Ava Martin,30.0,Female,Sales,New York,PhD,12.812321926703277,71034.90397253637,2004-08-06,4.0,(221) 925-9331,2004.0,8.0,21.4
EMP0299,Ava Miller,26.0,Female,Engineering,Chicago,PhD,1.9809581708520556,104454.02498877868,2013-05-16,5.0,(208) 347-3053,2013.0,5.0,12.63
EMP0352,Ava Garcia,42.0,,Sales,Chicago,Master,6.816716911599412,73664.58880691104,2016-05-22,3.0,,2016.0,5.0,9.61
EMP0387,Ava Thompson,18.0,Male,Marketing,Chicago,PhD,14.478971584615444,77959.91412551585,2015-05-24,1.0,(888) 516-4430,2015.0,5.0,10.61
EMP0285,Harper Lee,46.0,Female,Finance,New York,PhD,19.23267739603702,94415.44180144464,2012-03-18,4.0,,2012.0,3.0,13.79
EMP0126,Ethan Miller,35.0,Female,Engineering,New York,Master,5.157180570381763,97503.42736497628,2021-05-21,4.0,,2021.0,5.0,4.62
EMP0303,Harper Anderson,36.0,Female,Finance,New York,High School,11.227557332087622,81897.55942234867,2003-09-17,3.0,(838) 437-3602,2003.0,9.0,22.29
EMP0224,Evelyn Moore,18.0,Female,Finance,Boston,Bachelor,0.0,98765.62539502434,2014-01-26,1.0,,2014.0,1.0,11.93
EMP0220,Emma Thompson,23.0,,Sales,San Francisco,Bachelor,5.912233509248613,86501.00952436162,2016-12-25,4.0,(431) 561-3072,2016.0,12.0,9.02
EMP0130,Logan Walker,39.0,,Finance,Chicago,Bachelor,4.29823984288095,65200.36803971802,2011-06-16,3.0,(202) 626-0862,2011.0,6.0,14.55
EMP0421,Lucas Lee,30.0,Male,Engineering,New York,Bachelor,8.90114378820755,73778.02062157537,2003-05-01,2.0,(727) 597-1098,2003.0,5.0,22.67
EMP0290,Harper Thomas,39.0,Female,HR,Boston,Master,15.09182620951376,61938.66995286837,2005-05-23,5.0,(559) 856-4267,2005.0,5.0,20.61
EMP0377,Harper Anderson,21.0,Male,Sales,Austin,High School,0.0,89597.71503098,2022-04-05,1.0,,2022.0,4.0,3.74
EMP0292,Evelyn Harris,27.0,,Engineering,New York,PhD,7.488615559166723,76238.07601010393,2001-11-27,4.0,(856) 075-2502,2001.0,11.0,24.1
EMP0356,Logan Jones,35.0,,Sales,Chicago,Master,13.920556006745976,49454.63166465185,2018-01-16,4.0,(678) 600-7459,2018.0,1.0,7.96
EMP0295,Emma Harris,18.0,,Sales,Boston,High School,9.893539914402874,72615.99004779758,2003-12-19,4.0,(311) 154-9096,2003.0,12.0,22.04
EMP0397,Logan Thomas,27.0,,Sales,Austin,Master,8.608427265755324,65124.11547441511,2003-10-15,4.0,(441) 915-5921,2003.0,10.0,22.21
EMP0341,Harper Jones,18.0,,Marketing,Boston,Master,0.0,91851.37179857591,2024-11-10,3.0,(358) 908-3844,2024.0,11.0,1.14
EMP0113,Olivia Taylor,25.0,Male,HR,Austin,High School,9.63782843271369,78968.83324062671,2024-03-02,4.0,(754) 548-2485,2024.0,3.0,1.83
EMP0308,Oliver Lee,33.0,,Marketing,Chicago,Master,6.871502621504227,93906.06894199696,2019-12-18,5.0,(817) 204-4419,2019.0,12.0,6.04
EMP0433,Mia White,40.0,,Engineering,New York,Bachelor,11.014187410611118,77475.72691559131,2017-04-25,3.0,(587) 276-7825,2017.0,4.0,8.69
EMP0488,Isabella Anderson,31.0,Female,HR,New York,Bachelor,6.146927273511817,119645.3124860112,2005-08-11,5.0,(486) 797-4021,2005.0,8.0,20.39
EMP0482,Evelyn White,48.0,Male,Finance,Austin,Master,11.233466052536542,34957.50295905643,2018-04-11,2.0,,2018.0,4.0,7.73
EMP0423,Emma Brown,28.0,Female,Marketing,Chicago,Bachelor,6.661324076384855,30000.0,2020-12-25,4.0,(339) 541-9654,2020.0,12.0,5.02
EMP0312,Liam Moore,49.0,Male,Sales,New York,High School,5.124883039852323,36028.9757683424,2009-08-06,5.0,,2009.0,8.0,16.41
EMP0137,Isabella White,23.0,Male,Operations,Chicago,Master,10.328811085923752,105375.75578012204,2014-08-19,3.0,,2014.0,8.0,11.37
EMP0198,Charlotte White,39.0,Female,Engineering,New York,Master,15.158715875547331,79115.7311680037,2016-09-01,4.0,(204) 658-5115,2016.0,9.0,9.33
EMP0259,Sophia Moore,48.0,Male,Engineering,Austin,Master,12.530593208517889,60215.90945565333,2015-05-26,5.0,(667) 740-8845,2015.0,5.0,10.6
EMP0233,Amelia Garcia,29.0,Male,HR,Chicago,Master,19.23107901104951,82586.72474432943,2010-06-21,5.0,(815) 004-4270,2010.0,6.0,15.53
EMP0116,Ava Jones,40.0,Female,Sales,Chicago,PhD,11.616165760804115,62304.95947645026,2016-01-12,4.0,(472) 557-2193,2016.0,1.0,9.97
EMP0121,Amelia Brown,34.0,Female,HR,Chicago,Master,2.1706517419965845,80189.88426598154,2002-08-26,3.0,,2002.0,8.0,23.35
EMP0350,Emma Williams,39.0,Male,HR,New York,Bachelor,5.088026606038837,78317.08933499627,2003-04-04,5.0,(773) 514-7937,2003.0,4.0,22.75
EMP0225,Olivia Taylor,19.0,,Engineering,New York,High School,7.9522930615161025,54882.52852657276,2018-04-20,5.0,(778) 636-2584,2018.0,4.0,7.7
EMP0426,Harper Taylor,38.0,Female,Finance,Boston,Bachelor,7.146229614900112,145059.39702866413,2013-12-14,2.0,(657) 990-2211,2013.0,12.0,12.05
EMP0398,Evelyn Williams,30.0,,Marketing,San Francisco,PhD,4.665086424837819,92580.4032494768,2005-08-02,3.0,,2005.0,8.0,20.42
EMP0128,James Brown,36.0,Female,Engineering,Austin,Bachelor,14.949438335531852,86733.96974445389,2018-02-06,3.0,(247) 644-3986,2018.0,2.0,7.9
EMP0286,Mason Jackson,35.0,Male,Finance,Boston,Bachelor,15.952686712806738,104435.03624145144,2003-02-13,2.0,(862) 507-3171,2003.0,2.0,22.88
EMP0412,Mason Smith,35.0,Male,Operations,New York,Master,8.169563153145178,58671.2063996482,2008-04-20,2.0,,2008.0,4.0,17.7
EMP0108,Noah Moore,36.0,Male,Sales,Austin,Master,9.03034820776736,94982.59709973348,2003-04-20,4.0,,2003.0,4.0,22.7
EMP0371,Harper Taylor,32.0,,HR,Austin,Bachelor,9.23789782145969,52962.74037458427,2007-10-09,5.0,(207) 435-7505,2007.0,10.0,18.23
EMP0326,Mia Brown,43.0,Male,HR,San Francisco,Bachelor,5.497162298373858,98850.6619833803,2023-05-11,3.0,(887) 605-8395,2023.0,5.0,2.64
EMP0453,Lucas Miller,45.0,,Engineering,New York,PhD,14.980631784638412,74588.52770310051,2007-06-12,,,2007.0,6.0,18.56
EMP0045,Noah Smith,35.0,Female,Engineering,Chicago,Bachelor,3.4006547529638,57480.833967684775,2010-05-11,3.0,(275) 997-7351,2010.0,5.0,15.64
EMP0461,Harper Williams,51.0,Male,Marketing,Chicago,PhD,11.18564108672658,66174.66300712811,2003-08-14,3.0,(600) 342-4836,2003.0,8.0,22.38
EMP0066,Noah Taylor,38.0,Male,Finance,Chicago,Bachelor,9.450140186347076,51127.950783421,2016-08-26,2.0,(498) 224-3313,2016.0,8.0,9.35
EMP0284,Sophia Martin,26.0,Female,Operations,Chicago,Master,10.598677140892844,72908.63935851019,2021-09-15,3.0,(832) 678-6242,2021.0,9.0,4.3
EMP0086,Logan Moore,44.0,Male,Operations,New York,Bachelor,5.124106636299168,49660.766671304526,2006-07-08,4.0,(207) 912-2271,2006.0,7.0,19.49
EMP0243,Noah Moore,52.0,Female,Marketing,San Francisco,Master,14.187820081023624,114476.14687091508,2010-04-19,3.0,,2010.0,4.0,15.7
EMP0187,Charlotte Smith,42.0,,Operations,Chicago,High School,13.808242908214204,72477.31474822616,,3.0,(723) 758-9809,,,
EMP0013,Evelyn Garcia,40.0,Male,Finance,Chicago,Master,9.150009950055876,110391.35023305124,2002-09-05,3.0,(343) 083-1459,2002.0,9.0,23.32
EMP0036,Ethan Jackson,46.0,Female,Finance,Boston,PhD,7.992475272428897,36192.64739291088,2006-04-20,4.0,(439) 870-8606,2006.0,4.0,19.7
EMP0029,Liam Moore,42.0,,Finance,San Francisco,PhD,4.31057701433331,101126.8718728617,2001-10-14,3.0,(752) 360-9232,2001.0,10.0,24.22
EMP0171,Noah Martin,29.0,Female,HR,Boston,Bachelor,0.0,104837.61108298272,,3.0,(263) 965-5853,,,
EMP0143,Sophia Martin,41.0,,Marketing,Austin,PhD,7.672948218966086,78156.57823402577,2012-01-12,2.0,(318) 695-0560,2012.0,1.0,13.97
EMP0399,James Johnson,55.0,Male,Operations,New York,Bachelor,5.8484497760924405,105696.50044461733,2006-05-21,5.0,(851) 708-2836,2006.0,5.0,19.62
EMP0343,Sophia Johnson,31.0,,Marketing,New York,Master,7.014606969761678,93962.67273118602,2015-03-22,4.0,(820) 718-3436,2015.0,3.0,10.78
EMP0222,Evelyn Wilson,35.0,Female,Marketing,New York,Master,10.46873366663662,77763.25001700594,2019-11-03,2.0,(390) 122-0892,2019.0,11.0,6.16
EMP0096,Elijah Walker,18.0,Male,Engineering,New York,PhD,10.4959846646315,100951.660627939,2011-05-01,2.0,,2011.0,5.0,14.67
EMP0052,Noah Jones,18.0,Male,Engineering,Chicago,High School,6.981823527770336,52620.34172935588,2001-07-07,4.0,(264) 611-3397,2001.0,7.0,24.49
EMP0241,Emma Taylor,47.0,,Marketing,Boston,PhD,7.014606969761678,40975.0907901708,,2.0,(893) 511-1597,,,
EMP0485,Olivia Lee,42.0,Male,Engineering,New York,Bachelor,9.349584301281704,111835.91857309504,2010-07-12,4.0,(350) 214-9789,2010.0,7.0,15.47
EMP0379,Logan Williams,36.0,Female,Marketing,New York,High School,10.59476039191612,59870.930874304846,2012-06-04,3.0,(579) 858-4213,2012.0,6.0,13.58
EMP0179,Charlotte Harris,28.0,Female,Marketing,Austin,Bachelor,3.70999552428646,85054.65617357111,2002-04-07,2.0,(929) 392-5879,2002.0,4.0,23.74
EMP0042,Noah Jones,35.0,Male,Finance,San Francisco,Bachelor,3.4990346443365565,74688.12869615809,2014-11-18,3.0,(723) 009-7411,2014.0,11.0,11.12
EMP0499,Elijah Davis,32.0,,Marketing,San Francisco,Master,7.209411460540926,81603.69012873323,2022-06-19,5.0,(766) 393-1513,2022.0,6.0,3.54
EMP0422,James Miller,28.0,Female,Engineering,Austin,Bachelor,3.240742763343758,63834.57315306991,2004-01-17,3.0,(982) 706-8857,2004.0,1.0,21.96
EMP0283,Mason Thompson,57.0,Female,Sales,Chicago,Master,4.142511546146858,70555.04529973517,2016-12-02,4.0,(787) 794-3123,2016.0,12.0,9.08
EMP0255,Logan Jackson,37.0,Female,Marketing,New York,Master,6.138514890543497,120560.62179607304,2005-01-09,2.0,(892) 650-6373,2005.0,1.0,20.98
EMP0413,Liam Miller,19.0,,HR,New York,Bachelor,0.0,76196.13865475447,2020-03-04,5.0,(674) 974-1832,2020.0,3.0,5.83
EMP0449,William White,40.0,Male,Engineering,Chicago,High School,6.402273664594601,63012.01368685732,2021-01-04,3.0,(473) 332-5160,2021.0,1.0,4.99
EMP0101,Amelia Brown,27.0,Female,Marketing,Austin,Bachelor,2.5105919750727166,84192.4797936072,2024-04-15,3.0,,2024.0,4.0,1.71
EMP0227,Lucas Wilson,41.0,,Engineering,New York,High School,5.2486184674138645,44749.81805554379,2010-10-26,3.0,(203) 113-6910,2010.0,10.0,15.18
EMP0430,James Thomas,37.0,Female,Engineering,Chicago,Bachelor,9.263201294059392,49181.282130152686,2012-07-09,3.0,,2012.0,7.0,13.48
EMP0172,Mason Moore,42.0,Male,HR,New York,Master,8.68274614863438,141611.1124582983,2010-09-07,4.0,(364) 517-7557,2010.0,9.0,15.32
EMP0099,William Jones,23.0,,HR,San Francisco,Bachelor,6.291498655303428,81641.50787285328,2016-12-06,4.0,(814) 519-0180,2016.0,12.0,9.07
EMP0293,Charlotte White,50.0,,HR,Austin,PhD,4.744073849036504,47552.62861172692,2019-07-18,2.0,,2019.0,7.0,6.46
EMP0216,Sophia Smith,38.0,Male,HR,Chicago,PhD,12.9109555979799,60335.23865545062,2015-11-20,,(406) 707-8935,2015.0,11.0,10.12
EMP0062,William Wilson,52.0,Female,HR,New York,Bachelor,8.852235731818023,59921.778373835245,2004-01-02,,(382) 546-2332,2004.0,1.0,22.0
EMP0048,Elijah Thomas,32.0,,Engineering,Austin,Master,4.8743019480016745,52957.79890037835,2018-01-18,3.0,(272) 181-6284,2018.0,1.0,7.95
EMP0033,Amelia Taylor,32.0,Female,Finance,Boston,Master,11.280781647459424,98733.605101347,2008-03-10,4.0,(917) 664-7942,2008.0,3.0,17.81
EMP0268,Harper Jackson,37.0,Male,Engineering,San Francisco,Master,12.60568392821308,100446.1770708292,2014-01-16,3.0,(454) 448-8153,2014.0,1.0,11.96
EMP0201,William Taylor,52.0,,Engineering,Austin,High School,15.18284223550624,30000.0,2019-08-10,5.0,(970) 470-2043,2019.0,8.0,6.4
EMP0447,Noah Jackson,24.0,Male,Engineering,San Francisco,PhD,11.578761277981028,83794.79075552945,2001-10-27,4.0,,2001.0,10.0,24.18
EMP0028,James Thompson,40.0,Male,HR,Chicago,High School,9.51327896709103,43511.20987786702,2017-02-12,4.0,(931) 668-8248,2017.0,2.0,8.88
EMP0425,Evelyn Davis,39.0,Male,Finance,Chicago,Bachelor,2.742390510996884,58059.34316555074,2014-12-04,4.0,(983) 472-0340,2014.0,12.0,11.08
EMP0231,Oliver Davis,46.0,Female,Finance,Austin,Bachelor,11.525821628406042,81786.20620387414,2005-03-09,5.0,(416) 525-0483,2005.0,3.0,20.82
EMP0289,Ava White,36.0,Male,HR,San Francisco,Master,8.17121925431651,52924.51364553297,2007-12-24,4.0,,2007.0,12.0,18.02
EMP0163,Sophia White,29.0,,Engineering,New York,High School,9.388449784356611,101992.07280159496,2013-09-18,4.0,,2013.0,9.0,12.29
EMP0139,William Martin,37.0,Female,Engineering,Austin,Bachelor,4.5724243379763845,85254.45465829283,2006-11-23,3.0,(410) 357-6282,2006.0,11.0,19.11
EMP0063,William Taylor,25.0,Female,Engineering,New York,PhD,14.334504249733971,93577.35769280384,2010-05-03,2.0,(972) 523-1207,2010.0,5.0,15.67
EMP0136,Logan Wilson,49.0,Male,Finance,Chicago,Master,13.627522580588174,74599.16100691783,2011-05-25,3.0,(634) 588-6801,2011.0,5.0,14.61
EMP0129,Lucas Taylor,56.0,Female,Engineering,Chicago,Master,8.402303581735136,122894.07658039374,2019-06-04,3.0,(337) 509-3277,2019.0,6.0,6.58
EMP0009,Mason Smith,30.0,Female,Finance,Austin,Master,6.500795930616894,38801.13994280347,2001-12-24,4.0,,2001.0,12.0,24.02
EMP0327,Emma Anderson,24.0,Female,Finance,New York,Bachelor,3.5353159050572254,109491.24670967508,2011-09-03,5.0,(349) 639-1778,2011.0,9.0,14.33
EMP0464,Emma Lee,32.0,Female,Marketing,Boston,Bachelor,4.495320259260003,56406.27779986072,2007-11-11,1.0,(240) 979-1461,2007.0,11.0,18.14
EMP0065,Noah Taylor,35.0,Male,Finance,Austin,High School,15.73095489791558,68665.65638129643,2000-07-19,3.0,,2000.0,7.0,25.45
EMP0301,Noah Walker,32.0,,HR,Chicago,Bachelor,15.014906405073903,76149.433819544,2003-09-14,4.0,(320) 702-4518,2003.0,9.0,22.3
EMP0015,Mason Wilson,59.0,Male,Operations,Chicago,Bachelor,4.670413281244111,54037.07212208678,2003-11-22,3.0,(958) 705-6242,2003.0,11.0,22.11
EMP0157,Lucas Martin,31.0,Female,Marketing,San Francisco,Bachelor,4.905313764306768,105150.36785555308,2014-01-24,3.0,(541) 887-6752,2014.0,1.0,11.94
EMP0041,Harper Johnson,37.0,,Finance,Boston,Master,6.194702741094344,74599.16100691783,2022-04-17,,,2022.0,4.0,3.71
EMP0380,Noah Walker,27.0,Male,Operations,New York,PhD,4.30565818561396,62221.86930800847,2020-10-05,3.0,(608) 371-4399,2020.0,10.0,5.24
EMP0469,James Anderson,49.0,,Finance,Chicago,PhD,18.263415305757235,74599.16100691783,2009-01-12,4.0,(505) 245-5154,2009.0,1.0,16.97
EMP0404,Olivia Williams,18.0,Female,Marketing,San Francisco,Master,8.838525024984975,80890.75814918288,2014-02-11,4.0,,2014.0,2.0,11.89
EMP0217,Elijah White,37.0,Female,HR,Austin,Bachelor,0.0,94517.7734802464,2019-08-08,3.0,(436) 225-6192,2019.0,8.0,6.4
EMP0280,Sophia Taylor,33.0,Male,Marketing,Boston,PhD,16.443564962329866,57545.233150175394,2011-05-13,3.0,,2011.0,5.0,14.64
EMP0435,Oliver White,29.0,Female,Finance,San Francisco,Master,10.049253145179856,30000.0,2009-05-12,2.0,(789) 265-3037,2009.0,5.0,16.64
EMP0431,Harper Jones,32.0,,Finance,New York,PhD,7.72850550090254,62999.91717120968,2012-11-21,4.0,,2012.0,11.0,13.11
EMP0338,Mason Moore,39.0,Male,HR,San Francisco,Bachelor,11.673739526160096,109035.80730657624,2021-05-16,2.0,(439) 326-9103,2021.0,5.0,4.63
EMP0237,William Miller,39.0,Female,Operations,New York,Master,13.462359959467127,68724.16695521006,2001-12-10,3.0,(330) 845-3790,2001.0,12.0,24.06
EMP0208,Elijah Johnson,44.0,Male,Finance,New York,Bachelor,9.305713103655128,100903.50941489164,2007-05-24,3.0,(999) 230-3835,2007.0,5.0,18.61
EMP0213,Sophia Taylor,38.0,Male,Operations,New York,Bachelor,2.635695035132729,94491.017318216,2002-07-06,3.0,,2002.0,7.0,23.49
EMP0296,Emma Johnson,38.0,Male,Engineering,Austin,Bachelor,12.070729915930748,99220.969107559,2007-08-24,3.0,(595) 337-7861,2007.0,8.0,18.36
EMP0458,Ava Smith,35.0,Male,Operations,New York,PhD,18.464765725490423,89805.55960280576,2019-07-11,,(490) 878-3632,2019.0,7.0,6.48
EMP0489,Liam White,38.0,Female,Engineering,New York,High School,19.93904338096649,78819.6499345736,2002-09-14,3.0,(893) 692-5903,2002.0,9.0,23.3
EMP0487,Amelia Wilson,27.0,,Finance,Chicago,Bachelor,2.191000125085975,87044.28824469684,2002-05-09,5.0,(934) 897-8562,2002.0,5.0,23.65
EMP0351,Liam Thompson,48.0,Female,HR,Chicago,High School,3.8656960629723054,81833.37796243037,2022-03-07,2.0,(290) 320-0665,2022.0,3.0,3.82
EMP0270,Mason Wilson,40.0,Female,Engineering,Austin,Bachelor,9.554564662340574,32914.33096339952,2022-03-21,4.0,(564) 336-0043,2022.0,3.0,3.78
EMP0162,Emma Taylor,52.0,Female,Engineering,Chicago,Bachelor,7.85696951018031,87912.3541182495,2001-06-22,4.0,,2001.0,6.0,24.53
EMP0218,Emma Lee,38.0,Male,HR,New York,PhD,0.0,76196.13865475447,2018-12-04,2.0,(430) 559-3689,2018.0,12.0,7.08
EMP0402,Isabella Thomas,61.0,,Marketing,San Francisco,High School,11.062062127829948,81832.58159290039,2006-12-17,3.0,(322) 103-0869,2006.0,12.0,19.04
EMP0191,Lucas Williams,32.0,Male,Marketing,Boston,Bachelor,8.660120340852671,45872.098506307135,2007-05-15,2.0,(866) 471-1199,2007.0,5.0,18.63
EMP0260,Elijah Brown,29.0,Male,HR,Chicago,Bachelor,8.79971810919198,84397.32885150946,2006-01-20,4.0,(492) 848-6039,2006.0,1.0,19.95
EMP0106,Harper Garcia,20.0,Male,Operations,Chicago,PhD,6.773346753204327,60923.81016439098,2013-02-21,4.0,(794) 154-6674,2013.0,2.0,12.86
EMP0054,Lucas Lee,23.0,Female,Engineering,Chicago,Bachelor,1.5892374193289849,34158.550717447986,2023-02-13,5.0,(547) 290-0369,2023.0,2.0,2.88
EMP0390,Mason Wilson,23.0,Male,Marketing,San Francisco,Master,5.998259974400314,69853.44922488193,2008-02-08,4.0,(285) 790-8068,2008.0,2.0,17.9
EMP0002,Sophia Garcia,36.0,Female,Finance,New York,PhD,0.6175981243987927,47735.97169960293,2002-06-15,3.0,(485) 707-7259,2002.0,6.0,23.55
EMP0442,Mason Davis,36.0,,Marketing,Chicago,High School,15.820486757556282,78772.54720813647,2013-02-01,5.0,(241) 788-5759,2013.0,2.0,12.91
EMP0483,Elijah Moore,36.0,Female,Finance,San Francisco,Master,10.072233537465,79212.87994550676,2011-04-04,3.0,(331) 986-6286,2011.0,4.0,14.75
EMP0050,Ethan Davis,42.0,Female,Finance,Austin,Master,1.878284645843375,49528.72478326616,2011-01-06,2.0,(687) 594-3591,2011.0,1.0,14.99
EMP0420,Evelyn Davis,41.0,Male,HR,New York,High School,1.3787259038232147,44029.19010662711,2010-10-09,5.0,,2010.0,10.0,15.23
EMP0081,Amelia Thomas,41.0,,HR,Austin,High School,11.627715725646922,76196.13865475447,2004-11-08,4.0,(628) 505-7630,2004.0,11.0,21.15
EMP0206,Lucas Jones,22.0,,Sales,New York,Master,6.935746006339779,116946.66893999036,2007-01-18,3.0,(573) 191-4687,2007.0,1.0,18.95
EMP0035,Ethan Brown,52.0,,Engineering,Austin,High School,8.90114378820755,30000.0,2002-10-11,3.0,,2002.0,10.0,23.23
EMP0264,Isabella Miller,18.0,Male,Marketing,Chicago,Master,6.940296524143393,68080.82885166936,2002-08-05,4.0,(755) 117-9067,2002.0,8.0,23.41
EMP0428,Liam Lee,45.0,,Finance,Austin,Bachelor,11.92626426950712,30000.0,2016-10-20,4.0,(988) 233-7666,2016.0,10.0,9.2
EMP0367,Olivia Johnson,29.0,Female,Engineering,Boston,PhD,11.400362099442813,112353.0205865072,2011-08-25,5.0,,2011.0,8.0,14.35
EMP0340,Elijah Anderson,18.0,Female,HR,New York,Bachelor,12.48967938299664,72917.70607344086,2022-01-09,2.0,(473) 451-6416,2022.0,1.0,3.98
EMP0474,Oliver Harris,32.0,,Operations,Chicago,Bachelor,4.889273266901752,52363.96179021851,2018-12-16,2.0,(847) 990-9747,2018.0,12.0,7.04
EMP0053,Amelia Thomas,18.0,,Marketing,Chicago,Bachelor,6.996050390129691,108935.40875755476,2004-05-04,,,2004.0,5.0,21.66
EMP0346,Amelia Miller,29.0,Female,HR,Boston,Bachelor,2.2956967601878557,86369.67182743945,2004-02-18,,,2004.0,2.0,21.87
EMP0265,Amelia Thomas,35.0,Male,Finance,Chicago,Bachelor,5.743144287966718,41329.43005305741,2011-11-25,3.0,,2011.0,11.0,14.1
EMP0242,Elijah Brown,41.0,Male,Operations,New York,Master,16.946813572082007,77710.23875698072,2013-09-23,,,2013.0,9.0,12.27
EMP0014,Mason Smith,35.0,,Finance,Austin,Master,7.965172804990658,55851.071431249125,2001-08-02,4.0,(256) 687-2943,2001.0,8.0,24.42
EMP0388,Isabella Davis,51.0,,Finance,Austin,Bachelor,14.498401673354945,61632.61828556107,2013-04-20,3.0,(858) 386-7265,2013.0,4.0,12.7
EMP0274,Liam Miller,33.0,Male,HR,New York,Master,6.361785492078626,76226.1406334234,2005-03-22,4.0,(993) 017-1727,2005.0,3.0,20.78
EMP0167,Oliver Harris,21.0,Female,Sales,Austin,High School,14.077089588563108,55441.77790201339,2005-01-11,2.0,(730) 458-1625,2005.0,1.0,20.97
EMP0493,Isabella Brown,41.0,Female,Finance,Chicago,Master,0.5792913631709267,79400.9970614642,2001-03-15,4.0,(703) 995-2656,2001.0,3.0,24.8
EMP0135,William Davis,30.0,,Engineering,Austin,PhD,4.1463204081416345,50632.37058335237,2011-12-13,3.0,(253) 087-3189,2011.0,12.0,14.05
EMP0320,Charlotte Moore,35.0,Male,Finance,Chicago,Bachelor,10.781221543123111,61419.75160015332,2001-11-27,3.0,(286) 665-2314,2001.0,11.0,24.1
EMP0244,Emma Brown,18.0,Female,Finance,New York,PhD,17.948031628405786,60736.25593927766,2007-12-07,4.0,(875) 323-0364,2007.0,12.0,18.07
EMP0055,Isabella Walker,31.0,Male,Finance,Austin,PhD,8.615818484388065,99843.46470443602,2015-10-26,4.0,(780) 066-7601,2015.0,10.0,10.18
EMP0364,William Garcia,38.0,Female,Engineering,San Francisco,Master,2.912660832370753,81700.94395567958,2013-09-08,1.0,,2013.0,9.0,12.31
EMP0051,Evelyn Walker,47.0,Female,Marketing,New York,PhD,9.13029550164325,69176.21228717625,2024-01-18,5.0,,2024.0,1.0,1.95
EMP0175,Noah Harris,25.0,Female,HR,San Francisco,Bachelor,15.52653869416244,30000.0,2004-06-26,4.0,(953) 991-0607,2004.0,6.0,21.52
EMP0190,Noah Moore,33.0,Female,Finance,Boston,Master,3.0203281015480066,52922.510205334846,,3.0,,,,
EMP0497,Mia Johnson,46.0,Male,Engineering,New York,High School,16.316359827585817,72768.20850811394,2018-06-11,5.0,,2018.0,6.0,7.56
EMP0188,Emma White,30.0,Female,Engineering,San Francisco,High School,12.542582860384496,43730.62931910917,2000-02-05,3.0,(517) 417-3949,2000.0,2.0,25.91
EMP0170,Sophia Garcia,32.0,Male,Marketing,New York,Bachelor,1.491333243801309,119919.75516655845,2019-10-22,3.0,(824) 552-0255,2019.0,10.0,6.2
EMP0059,Logan Johnson,31.0,,Finance,New York,Bachelor,9.459105950028938,105342.08867616604,2000-05-04,4.0,,2000.0,5.0,25.66
EMP0049,Oliver Miller,43.0,Male,HR,Chicago,PhD,6.946885692897619,84270.72870025884,2008-10-14,5.0,(884) 778-4557,2008.0,10.0,17.22
EMP0345,Emma Miller,36.0,,Marketing,Boston,High School,7.872563020497279,115388.1402343056,2009-07-22,4.0,,2009.0,7.0,16.45
EMP0236,Noah Martin,36.0,Female,Marketing,New York,Master,5.647847136950272,77959.91412551585,2016-03-27,4.0,,2016.0,3.0,9.77
EMP0253,Sophia Martin,20.0,Male,Finance,Austin,Master,10.243434419558588,74599.16100691783,2001-06-17,3.0,(233) 667-2767,2001.0,6.0,24.54
EMP0314,Sophia Lee,41.0,Female,Marketing,New York,PhD,6.406875223596219,53716.76180596193,2005-07-07,4.0,(470) 879-0053,2005.0,7.0,20.49
EMP0277,Isabella Davis,35.0,Male,HR,San Francisco,Bachelor,10.001599254306903,65586.18322720529,2017-08-23,3.0,(563) 222-5469,2017.0,8.0,8.36
EMP0444,Elijah White,48.0,Male,Finance,New York,Master,7.926500101229061,49230.181791628405,2004-09-24,3.0,(217) 643-8918,2004.0,9.0,21.27
EMP0192,William Garcia,19.0,Male,Marketing,New York,Bachelor,8.502897834343099,79294.31124038948,2012-12-23,2.0,(416) 473-4110,2012.0,12.0,13.02
EMP0386,Mia Smith,29.0,,Engineering,Austin,Master,4.830842794924545,96627.99170794302,2013-09-07,3.0,,2013.0,9.0,12.32
EMP0294,Emma Jones,21.0,Male,Sales,New York,Bachelor,13.989273682475128,90676.74269236709,2017-05-14,3.0,(629) 897-8290,2017.0,5.0,8.64
EMP0414,Sophia Thompson,40.0,Female,Finance,San Francisco,High School,5.667699141595323,94896.46097192777,2009-01-03,2.0,(420) 185-7221,2009.0,1.0,16.99
EMP0344,Amelia Jones,32.0,Male,Sales,Austin,Master,8.699709663920661,77918.39493289127,2022-04-03,3.0,(991) 430-4587,2022.0,4.0,3.75
EMP0258,Olivia Taylor,44.0,Male,Engineering,Austin,Master,4.898808424599748,106129.490607904,2007-02-22,4.0,,2007.0,2.0,18.86
EMP0309,Charlotte Davis,46.0,Female,Engineering,San Francisco,Bachelor,8.90114378820755,56225.11198136846,2017-06-02,4.0,(486) 263-9437,2017.0,6.0,8.58
EMP0150,Ethan Martin,34.0,,Marketing,Chicago,PhD,0.0,63685.54393442523,2013-11-13,3.0,(813) 013-4544,2013.0,11.0,12.13
EMP0131,Mia Thompson,39.0,Male,Operations,New York,Master,14.983690477388707,79057.10424260676,2005-09-12,4.0,(800) 975-2640,2005.0,9.0,20.3
EMP0152,Evelyn Garcia,35.0,Male,HR,San Francisco,Bachelor,12.038853995660103,85378.16538521291,2006-12-25,4.0,(633) 548-7099,2006.0,12.0,19.02
EMP0360,Evelyn Johnson,57.0,Male,HR,New York,Bachelor,18.44883551806637,76196.13865475447,2020-11-24,4.0,(726) 527-2917,2020.0,11.0,5.1
EMP0100,Ethan Anderson,18.0,Male,Operations,San Francisco,Bachelor,8.609172918669223,92853.69630028734,2006-03-25,3.0,,2006.0,3.0,19.77
EMP0373,Noah Wilson,41.0,Female,Marketing,New York,Master,6.523553480003748,88630.40453077112,2004-10-07,3.0,(236) 228-9175,2004.0,10.0,21.23
EMP0088,Evelyn Thomas,32.0,,Finance,New York,PhD,6.586480021619351,70814.22632036719,2017-08-23,2.0,(498) 939-6396,2017.0,8.0,8.36
EMP0459,Noah Taylor,58.0,Male,Finance,Chicago,PhD,2.0448297258611863,80344.06934478001,2015-04-11,3.0,(910) 683-4195,2015.0,4.0,10.73
EMP0331,Elijah Jackson,41.0,Female,Engineering,Austin,PhD,10.236139752920565,117895.528731438,2019-05-18,3.0,(988) 822-8352,2019.0,5.0,6.63
EMP0467,James Miller,51.0,Male,Marketing,Austin,High School,12.279727160516954,100156.5937066755,2014-12-11,2.0,(606) 923-3722,2014.0,12.0,11.06
EMP0122,James Anderson,42.0,,Engineering,New York,High School,14.83184156339976,54522.26185721827,2011-04-26,4.0,(610) 486-6937,2011.0,4.0,14.69
EMP0500,Ethan Taylor,19.0,Male,Marketing,New York,PhD,5.389248199890801,77959.91412551585,2013-07-08,5.0,(357) 559-6721,2013.0,7.0,12.48
EMP0021,James White,50.0,Female,HR,San Francisco,PhD,14.60780825855622,61040.186903810914,2012-11-06,3.0,(300) 494-8533,2012.0,11.0,13.15
EMP0189,Evelyn Davis,23.0,Female,HR,Boston,High School,11.637856203813277,51111.21093645175,2007-09-14,5.0,(243) 923-7869,2007.0,9.0,18.3
EMP0107,Ava Harris,25.0,Female,Operations,San Francisco,Master,3.5783961848008827,5000.0,2018-04-02,1.0,(816) 855-7705,2018.0,4.0,7.75
EMP0271,Lucas Lee,36.0,Female,HR,New York,PhD,9.23789782145969,80788.59785270273,2000-07-16,1.0,(392) 330-2503,2000.0,7.0,25.46
EMP0436,Emma Johnson,34.0,Female,HR,Austin,Master,5.792755157118268,63238.222324667215,2004-08-13,4.0,,2004.0,8.0,21.39
