employee_id,name,age,gender,department,city,education,years_experience,salary,join_date,performance_score,phone
EMP0362,JAMES WILLIAMS,43.0,F,Operations,Boston,MBA,7.523510814983954,93195.91876788455,2022-12-21,3.0,(640) 246-4354
EMP0074,WILLIAM WHITE,54.0,female,engineering,San Francisco,Bachelor,4.954538781447729,71623.2368549326,12/12/2020,2.0,647-363-7774
EMP0375,elijah johnson,36.0,MALE,mktg,new york,B.Tech,,46775.9090603067,2024-07-04,3.0,2494148011
EMP0156,william walker,35.0,female,Hr,new york,High School,20.668431211504306,,10-15-2024,3.0,4458661917
EMP0105,  Lucas Davis  ,37.0,female,human resources,new york,B.Tech,4.117646823611367,75073.56674195023,01-01-2005,2.0,595-143-4827
EMP0395,ISABELLA WALKER,,male,FINANCE,NYC,MBA,5.852122792693133,5000.0,22/02/2019,3.0,638.398.8472
EMP0378,William Walker,64.0,M,human resources,NYC,bachelors,13.676077056079313,49178.034216151835,10-26-2006,3.0,(310) 844-2928
EMP0125,Lucas Moore,28.0,Female,Hr,Boston,phd,6.3453247569474795,67903.86252414148,09-12-2012,5.0,427.281.3364
EMP0069,  Amelia Harris  ,52.0,F,Hr,AUSTIN,MASTERS,11.293932712021455,72667.12283082686,2008-09-13,3.0,869.436.1986
EMP0451,  William Taylor  ,49.0,M,engineering,New York,B.Tech,5.94964023778547,104159.71364657498,17/10/2009,2.0,(956) 448-9325
EMP0010,harper white,,MALE,mktg,chicago,phd,10.045027843503956,78971.33498407675,01/12/2010,5.0,
EMP0195,  Amelia Jackson  ,40.0,Male,FINANCE,New York,B.Tech,9.395418890310518,72804.22343238114,2006-07-13,3.0,(710) 769-3820
EMP0407,AVA MILLER,39.0,MALE,MARKETING,Chicago,High School,6.081661752781054,84977.40350219714,04/02/2018,4.0,(528) 050-2195
EMP0103,Ethan Anderson,29.0,male,MARKETING,Boston,High School,9.348199655483034,44964.344028394335,03-17-2023,4.0,(208) 032-8824
EMP0372,LUCAS JONES,46.0,Female,Hr,San Francisco,HS,13.036140082326712,30000.0,01-23-2003,3.0,4152201265
EMP0389,evelyn miller,32.0,female,sales,NYC,bachelors,7.09382508950913,80911.51439740109,06-23-2024,3.0,756.380.2830
EMP0496,WILLIAM WALKER,27.0,MALE,Eng,San Francisco,MBA,10.417173238115518,118812.05563562602,23/09/2017,2.0,813-565-1609
EMP0281,Olivia Williams,40.0,M,mktg,new york,bachelors,1.0792627226634108,37697.72819141534,08-08-2024,3.0,(641) 185-1089
EMP0317,Logan Taylor,37.0,female,FINANCE,San Francisco,phd,16.870684330495163,98007.81844518107,2011-08-07,3.0,949.402.4829
EMP0409,OLIVER JACKSON,31.0,FEMALE,sales,new york,Master,7.681460838995586,86430.29211465208,03-22-2005,5.0,524.744.7907
EMP0491,Logan Garcia,,M,FINANCE,SF,High School,12.946769445981365,97256.15486996526,09-10-2020,3.0,
EMP0372,Ethan Lee,,female,mktg,San Francisco,phd,14.428167399834576,74294.74144649442,2015-09-04,4.0,295-318-0124
EMP0281,ELIJAH MILLER,18.0,F,MARKETING,NYC,PhD,13.604251654050515,108564.60649326915,13/08/2001,4.0,
EMP0357,ELIJAH SMITH,43.0,FEMALE,FINANCE,NYC,Master,19.418447776758015,105921.59490525618,TBD,2.0,819-805-6635
EMP0077,  Ethan Anderson  ,43.0,FEMALE,engineering,Boston,Bachelor,13.386293031501513,73944.24069371859,2008-09-24,3.0,494-796-1435
EMP0462,mia martin,38.0,Male,human resources,Chicago,PhD,15.234343584417957,143010.2619163714,01-09-2010,2.0,348-160-2210
EMP0498,sophia jones,46.0,Male,Operations,Boston,Bachelor,12.387694605716408,70729.10739666849,2007-02-12,3.0,5708782666
EMP0212,  Harper Jones  ,21.0,FEMALE,mktg,Boston,MASTERS,8.666594942375703,106002.51342887717,2003-05-03,1.0,604-147-8238
EMP0102,Ava Martin,18.0,female,sales,SF,MBA,0.0,116786.19917593928,07/11/2005,3.0,525-737-8118
EMP0335,  Charlotte White  ,39.0,male,engineering,Boston,PhD,10.286734856487529,46446.67550335586,2010-08-20,4.0,(715) 755-9563
EMP0476,harper moore,,MALE,mktg,Chicago,phd,8.62133683047863,30000.0,21/12/2014,4.0,
EMP0092,WILLIAM THOMPSON,41.0,M,Hr,chicago,PhD,12.910365408021448,58256.81893991536,08-09-2022,5.0,
EMP0441,OLIVIA THOMAS,38.0,male,sales,AUSTIN,PhD,10.189895439113597,45457.30156483452,03-10-2005,5.0,
EMP0174,ETHAN DAVIS,20.0,F,sales,Chicago,MASTERS,3.2552051882137514,,2014-04-25,2.0,(500) 986-2909
EMP0003,Ethan Davis,36.0,FEMALE,Hr,New York,High School,2.3822120921587544,-1000.0,2007-01-25,5.0,(950) 818-8142
EMP0334,EMMA MOORE,,M,engineering,AUSTIN,High School,0.0,,08-20-2020,2.0,4150571464
EMP0410,Charlotte Taylor,39.0,M,human resources,AUSTIN,MASTERS,12.832734232793488,77785.51030678347,06-05-2019,1.0,
EMP0071,Liam Harris,43.0,female,sales,Chicago,B.Tech,8.853571948343665,88194.30017993509,unknown,4.0,6048888858
EMP0210,EMMA MILLER,35.0,female,engineering,NYC,MASTERS,5.362738030047085,87217.97982166144,20/10/2022,3.0,5674803534
EMP0064,Logan Walker,42.0,female,Hr,Boston,PhD,10.631243061346382,58435.95424483993,20/10/2024,4.0,3659258498
EMP0385,  Charlotte Taylor  ,150.0,male,Hr,NYC,Bachelor,5.50805438220259,118154.44902299915,99/99/9999,,(641) 463-9483
EMP0310,OLIVIA MILLER,40.0,FEMALE,sales,NYC,phd,0.0,72612.38191075952,15/04/2016,2.0,998.993.5365
EMP0486,Elijah Smith,31.0,Female,fin,New York,phd,12.78571698765797,63214.00310109821,TBD,3.0,
EMP0186,Evelyn Jones,29.0,Male,engineering,Boston,HS,8.668203053632205,109106.11304035285,15/12/2015,3.0,935.427.1085
EMP0034,Evelyn Martin,36.0,F,Eng,new york,bachelors,4.3310141772871305,73393.12137246842,2021-07-14,2.0,
EMP0078,James Jackson,46.0,male,Operations,SF,High School,5.863380817123105,,2023-10-16,3.0,879.100.7638
EMP0001,Isabella Anderson,38.0,Male,Hr,Boston,MBA,6.862645839051065,78395.73966416178,06-09-2002,3.0,
EMP0012,liam smith,47.0,F,fin,AUSTIN,B.Tech,2.5401038065931987,37692.14469956124,07-12-2022,4.0,998-931-4001
EMP0416,  Olivia Garcia  ,43.0,female,mktg,new york,PhD,1.1958185731369468,56438.41811547121,2021-12-11,5.0,5434542650
EMP0023,james moore,43.0,FEMALE,human resources,New York,phd,13.254973431378398,74052.26685808641,2019-01-27,4.0,
EMP0073,NOAH JONES,35.0,M,engineering,NYC,bachelors,6.599632413746019,67058.2925741475,2004-01-08,3.0,639.317.1453
EMP0183,HARPER BROWN,27.0,female,engineering,AUSTIN,Master,5.9067318166878024,69859.97000149378,07-17-2023,3.0,379-879-7105
EMP0132,MASON MILLER,-5.0,male,mktg,new york,bachelors,7.014606969761678,67496.10231055452,04/12/2011,3.0,925-771-9024
EMP0411,mia moore,41.0,female,fin,SF,MASTERS,8.539455118106185,97751.26352169436,2001-07-10,3.0,677.325.1022
EMP0194,harper smith,20.0,FEMALE,mktg,new york,HS,15.095582032327663,69433.32177284523,2023-03-21,2.0,786.421.6234
EMP0056,charlotte moore,46.0,F,engineering,SF,phd,4.203121567114976,90033.75216323137,01-08-2022,4.0,714.589.0230
EMP0149,amelia lee,27.0,M,Operations,SF,HS,9.212012136692994,138717.2312802917,07-15-2014,2.0,351-941-5356
EMP0019,mia walker,27.0,F,fin,New York,MASTERS,1.644972224581041,97158.17710160253,15/04/2013,2.0,718.174.3540
EMP0205,Liam Brown,,Female,Operations,chicago,B.Tech,4.599274005127435,91429.03432876684,05-15-2002,5.0,9229266569
EMP0079,lucas moore,31.0,female,sales,chicago,bachelors,7.291470683737388,88729.50845578866,2009-07-24,1.0,665-809-4038
EMP0495,  Liam Davis  ,,male,mktg,NYC,High School,10.83558325312313,39802.64590695171,2000-12-18,5.0,573.468.1425
EMP0263,JAMES WHITE,28.0,female,human resources,Boston,PhD,11.571927389343008,36485.135108601076,05-04-2022,4.0,(384) 635-8766
EMP0324,emma white,37.0,M,MARKETING,Austin,Bachelor,,75667.25629302193,01-02-2021,3.0,(966) 701-8404
EMP0484,HARPER JONES,45.0,M,human resources,chicago,phd,9.449272182746153,42885.406446280685,18/11/2007,2.0,4574219074
EMP0080,emma brown,40.0,Female,sales,Austin,MBA,5.1219537995811315,74975.21870095935,2003-09-19,3.0,814.442.0983
EMP0040,ELIJAH ANDERSON,42.0,Female,sales,San Francisco,HS,8.790992062085996,103695.69714043432,12/08/2005,,
EMP0452,EMMA MOORE,49.0,male,Hr,NYC,MASTERS,9.026523460173227,105195.0532291679,07-14-2024,4.0,808-541-9891
EMP0178,lucas davis,32.0,female,engineering,New York,Bachelor,12.839936524965534,114202.49248879566,2008-08-12,3.0,281-887-2597
EMP0239,Logan Martin,,Female,FINANCE,new york,PhD,4.410880103449596,103228.62782291434,02-23-2022,1.0,
EMP0392,  James Lee  ,36.0,Male,FINANCE,Boston,phd,10.914286957049564,999999.0,2011-04-01,4.0,7668676149
EMP0353,  Mia Williams  ,36.0,FEMALE,Hr,NYC,phd,3.0365931295517132,,03/01/2014,3.0,(519) 139-4005
EMP0342,AMELIA THOMAS,49.0,Female,human resources,NYC,phd,10.697398467050581,119114.27082725405,12-23-2009,3.0,773-814-3087
EMP0278,james harris,18.0,female,mktg,NYC,MASTERS,1.7237539862307445,86562.9629104102,20/10/2008,5.0,
EMP0291,harper harris,29.0,Female,engineering,NYC,bachelors,0.0,55373.682987902896,2017-03-07,3.0,781-178-6483
EMP0318,Lucas Lee,32.0,female,sales,New York,B.Tech,12.866202247569564,88960.49658892221,2011-09-22,3.0,794-401-6915
EMP0305,LIAM DAVIS,28.0,Male,engineering,new york,PhD,0.0,50644.06337778433,,4.0,389.778.5942
EMP0269,olivia walker,37.0,Male,MARKETING,Boston,PhD,8.267807307192374,75115.83308956033,13/06/2015,5.0,
EMP0070,LOGAN THOMAS,44.0,F,MARKETING,San Francisco,Master,7.962634329329997,87035.20924047133,02-05-2002,4.0,318-771-1815
EMP0456,EMMA MARTIN,52.0,Male,Eng,NYC,bachelors,9.310187687139248,73404.45315366848,10-02-2005,,
EMP0466,Ethan Moore,23.0,male,fin,Boston,Master,12.298868417826622,44306.02350422396,17/07/2018,3.0,(514) 443-1392
EMP0155,James Wilson,49.0,F,FINANCE,San Francisco,B.Tech,10.26469275504307,53812.581856832665,11-25-2002,2.0,7688829446
EMP0083,  Olivia Martin  ,49.0,MALE,human resources,NYC,High School,6.309292493695487,45853.443711840504,19/10/2008,5.0,7970158399
EMP0478,OLIVER MOORE,45.0,male,MARKETING,NYC,Bachelor,3.956178928594327,70695.69946593844,2019-06-20,,489.433.7240
EMP0173,  James Taylor  ,26.0,Male,MARKETING,Austin,MASTERS,18.805968735346998,80079.42351167955,2012-06-01,3.0,
EMP0072,  Mason Williams  ,26.0,MALE,MARKETING,new york,phd,14.109552430584309,118340.2746641656,2012-10-21,2.0,(691) 270-0278
EMP0091,LOGAN WHITE,23.0,FEMALE,engineering,New York,High School,5.701436499080891,40718.76617451544,01-02-2014,1.0,
EMP0181,amelia thomas,28.0,Female,mktg,AUSTIN,High School,8.655979838359999,,05-23-2020,,
EMP0415,harper johnson,21.0,Female,engineering,New York,B.Tech,12.632163136076795,96468.74387909443,04-27-2014,2.0,4597464317
EMP0313,LUCAS JONES,18.0,MALE,Hr,new york,phd,0.0,125690.53590345601,08-09-2024,2.0,256.021.2985
EMP0279,sophia walker,42.0,Female,engineering,Austin,Bachelor,15.724936575257521,75069.6407177506,12/05/2011,4.0,
EMP0382,AMELIA ANDERSON,56.0,F,Hr,NYC,HS,13.661113898645027,77959.08080789194,2013-05-21,3.0,570.240.1863
EMP0473,mia martin,24.0,Male,mktg,New York,PhD,6.671933945755113,100025.54589174202,12/08/2016,3.0,895-511-3477
EMP0363,evelyn taylor,33.0,F,sales,New York,High School,4.346772927656046,62888.202068538885,06-08-2020,3.0,699-737-0104
EMP0325,SOPHIA MARTIN,5.0,MALE,Hr,new york,High School,13.763365771491912,76166.13667608553,09-19-2018,3.0,
EMP0432,  James Taylor  ,25.0,FEMALE,Operations,chicago,Bachelor,8.169563153145178,999999.0,04-07-2001,4.0,
EMP0348,ISABELLA DAVIS,36.0,M,sales,NYC,B.Tech,11.677795936846833,,26/01/2020,1.0,(358) 654-2946
EMP0087,Isabella Harris,25.0,MALE,mktg,San Francisco,PhD,5.5609187642690925,68112.07876659815,12-14-2010,5.0,(642) 504-7497
EMP0076,NOAH TAYLOR,29.0,female,Operations,SF,phd,8.562801823585954,,10/11/2001,4.0,
EMP0439,  Ava Miller  ,18.0,F,Eng,Boston,HS,,67142.2375568269,2019-10-08,4.0,551-503-9420
EMP0016,Ethan Moore,21.0,male,Operations,New York,High School,10.567794442260515,53897.323510170485,03-22-2000,2.0,(773) 129-5882
EMP0250,OLIVIA ANDERSON,30.0,Male,FINANCE,NYC,phd,7.736830682047286,75365.52431556577,2021-08-16,2.0,
EMP0434,ELIJAH SMITH,30.0,FEMALE,Hr,chicago,MBA,,55428.24770550732,06-22-2017,4.0,
EMP0020,ava wilson,50.0,FEMALE,human resources,NYC,MBA,5.228799364121252,,27/03/2023,4.0,(747) 978-8359
EMP0323,sophia thomas,200.0,Male,sales,Boston,B.Tech,7.514094439341189,60814.61033325665,10/11/2011,4.0,
EMP0333,  Evelyn Harris  ,20.0,MALE,sales,Chicago,PhD,10.934161412627585,-1000.0,02-25-2004,4.0,832-526-0054
EMP0057,EMMA SMITH,30.0,female,FINANCE,SF,bachelors,1.7704796744953564,85679.09680455005,2012-08-24,,(737) 644-3047
EMP0302,  James Thomas  ,30.0,MALE,Hr,Boston,B.Tech,7.767433606198848,85949.30524850111,08-16-2001,4.0,8764954491
EMP0230,OLIVIA JACKSON,58.0,FEMALE,human resources,Chicago,Master,2.597030554904639,53492.46740182603,2016-11-07,3.0,679-623-4587
EMP0332,  Mia Garcia  ,31.0,MALE,Operations,new york,HS,6.201572124990065,89917.03933454822,05-10-2008,4.0,645-790-8437
EMP0133,  Liam Walker  ,35.0,Female,human resources,AUSTIN,HS,,87145.19014755421,09/01/2007,4.0,(688) 399-1535
EMP0138,  Elijah Brown  ,,F,fin,NYC,HS,13.869891227552973,84930.4748853366,2000-04-09,3.0,342.349.4369
EMP0424,Mia Jackson,32.0,FEMALE,Hr,Boston,bachelors,0.0,139309.01947334845,08-08-2013,5.0,
EMP0336,AMELIA DAVIS,44.0,female,Operations,Chicago,Master,13.618250388267985,73242.25165082257,2010-06-18,5.0,
EMP0026,liam harris,20.0,FEMALE,sales,NYC,HS,15.495937832390972,87587.05045310086,03-12-2015,4.0,(848) 097-3276
EMP0465,  Logan Lee  ,49.0,MALE,fin,new york,bachelors,5.507112635001577,105888.66405321925,2022-11-10,3.0,(472) 490-5124
EMP0282,ethan brown,29.0,FEMALE,FINANCE,SF,HS,9.492863350231596,98737.67657306412,06-24-2006,2.0,460.067.0305
EMP0248,LOGAN JONES,32.0,M,engineering,NYC,Master,14.59742646796887,38659.1039696373,2000-01-13,4.0,736.965.1945
EMP0238,Noah Brown,34.0,MALE,MARKETING,new york,B.Tech,2.1877355239892466,64506.51408217884,2003-11-16,2.0,(480) 483-3234
EMP0118,  Amelia Miller  ,38.0,MALE,MARKETING,chicago,bachelors,12.703335134145124,101578.45807983926,03-09-2002,2.0,7429944670
EMP0043,harper martin,49.0,F,MARKETING,chicago,Master,9.003785153136084,71735.42312552764,2021-12-11,2.0,(789) 473-6700
EMP0221,EVELYN THOMAS,,Female,FINANCE,Austin,MASTERS,7.812052062838838,55435.2901731639,2012-07-16,4.0,382.533.0522
EMP0177,  Mason Miller  ,30.0,Male,engineering,chicago,phd,11.928071415335712,72934.8494066867,2017-12-14,3.0,(715) 443-1796
EMP0321,William White,56.0,FEMALE,Hr,New York,HS,8.107189681204858,52679.34490261854,14/09/2000,4.0,754.150.7932
EMP0154,LIAM ANDERSON,18.0,male,sales,Austin,High School,11.835476244189236,52880.460388384694,06-19-2024,3.0,(402) 765-6452
EMP0383,EMMA GARCIA,23.0,MALE,mktg,Boston,PhD,9.589052749345564,77500.68398055407,20/09/2001,4.0,672-673-8922
EMP0228,amelia garcia,53.0,female,Eng,new york,MASTERS,,,07/11/2022,2.0,581.252.1976
EMP0418,Lucas Harris,39.0,FEMALE,fin,Austin,phd,4.7167893657405955,,05/01/2003,1.0,
EMP0204,elijah moore,18.0,MALE,mktg,San Francisco,HS,22.404262294563253,86577.1422794251,2006-07-11,2.0,675-659-6673
EMP0127,liam anderson,39.0,MALE,FINANCE,SF,bachelors,11.139562711804937,75371.44129361054,13/12/2001,4.0,(510) 927-8684
EMP0330,  Olivia Jones  ,37.0,Male,human resources,Chicago,HS,13.638994111716281,89113.00840733378,27/07/2006,,5903028115
EMP0032,sophia jones,28.0,male,human resources,SF,High School,5.7112307337426245,88994.02385843406,2004-05-17,4.0,651.579.4456
EMP0114,NOAH DAVIS,31.0,MALE,MARKETING,San Francisco,MBA,18.20099163887265,71081.74662025597,08-16-2011,2.0,300.171.0201
EMP0471,  William Harris  ,34.0,male,FINANCE,Chicago,B.Tech,4.60122279383439,80191.33058199867,2017-05-13,2.0,210.355.6489
EMP0272,james taylor,35.0,F,MARKETING,Boston,B.Tech,9.323572708182818,,2011-08-15,,(964) 755-4885
EMP0141,mason smith,34.0,F,Hr,SF,bachelors,6.775264678685909,64405.19527904652,27/06/2024,4.0,(598) 484-3046
EMP0058,charlotte jones,36.0,female,fin,AUSTIN,High School,8.692181850669943,83028.36447798087,22/09/2008,5.0,749.408.6345
EMP0193,Oliver Thomas,35.0,Female,Hr,New York,MASTERS,,63250.32932863196,06-19-2004,5.0,5897856019
EMP0025,oliver johnson,22.0,F,engineering,Boston,HS,4.270947669376078,64230.219575953466,2013-08-11,1.0,7889267011
EMP0018,  Harper Davis  ,25.0,male,MARKETING,AUSTIN,Bachelor,,93308.88391663427,19/08/2006,4.0,7404787230
EMP0266,EMMA THOMAS,47.0,male,engineering,Chicago,High School,0.0,93292.4707226684,07-07-2019,3.0,
EMP0067,AVA DAVIS,33.0,Male,engineering,chicago,bachelors,10.828868025682787,85651.04787178183,2007-11-01,3.0,2385849492
EMP0209,oliver walker,49.0,male,MARKETING,San Francisco,MBA,6.210996212512216,69173.38117626705,11/09/2012,2.0,
EMP0480,MIA LEE,39.0,FEMALE,FINANCE,AUSTIN,phd,6.7527794681538325,41796.915447760286,04-26-2018,3.0,8360798877
EMP0095,OLIVER THOMPSON,29.0,MALE,MARKETING,AUSTIN,Bachelor,5.77849742934372,59947.27762736834,2013-05-17,3.0,544.371.9942
EMP0254,JAMES JACKSON,37.0,FEMALE,Operations,Boston,HS,6.858329842353759,98458.08701301561,07-06-2021,3.0,552-647-9233
EMP0267,Isabella Walker,37.0,MALE,Eng,NYC,MASTERS,7.446174485665088,64360.74810828752,2023-02-26,2.0,
EMP0024,Emma Anderson,,male,engineering,Boston,HS,8.976953294530928,60445.510581567825,10-11-2005,4.0,303-144-9041
EMP0223,OLIVER WILSON,23.0,M,MARKETING,Boston,MASTERS,22.30740299288734,89658.89841215346,10-08-2001,3.0,273-800-9704
EMP0262,MIA GARCIA,54.0,female,MARKETING,chicago,PhD,8.390219716425067,110677.36351577041,27/02/2018,3.0,
EMP0427,liam thomas,48.0,male,sales,NYC,bachelors,13.071803706002669,,99/99/9999,2.0,
EMP0006,Evelyn Johnson,55.0,Male,Eng,NYC,phd,6.137989604223337,999999.0,03-19-2009,3.0,7457507047
EMP0117,ISABELLA JOHNSON,42.0,female,Eng,Austin,bachelors,0.0,52139.62888901436,07-26-2011,4.0,(811) 107-9145
EMP0046,ETHAN WILSON,47.0,female,FINANCE,new york,High School,0.0,60950.89573390295,06/01/2008,5.0,405.528.0340
EMP0017,  William Garcia  ,46.0,male,fin,chicago,PhD,4.712466811592427,94640.12497576371,08-20-2007,4.0,628-924-8590
EMP0463,Charlotte Lee,38.0,Male,mktg,Boston,Master,0.7937884380860645,72616.33738762178,02/08/2005,4.0,803-368-6794
EMP0358,OLIVER JOHNSON,28.0,F,sales,chicago,High School,9.596051766889277,112379.72009539281,2021-09-11,2.0,(915) 631-5180
EMP0004,  Noah Miller  ,19.0,male,human resources,NYC,MBA,17.55938957411305,84837.01987593438,2008-07-17,4.0,(334) 143-2444
EMP0219,Emma Moore,54.0,Male,MARKETING,Austin,MASTERS,6.169147331482632,101899.53581975756,2019-04-09,5.0,405-857-2459
EMP0406,LUCAS TAYLOR,18.0,MALE,mktg,chicago,High School,11.562071903255479,58791.92079531734,07/11/2000,2.0,(581) 823-6247
EMP0061,OLIVER JONES,20.0,Female,mktg,AUSTIN,Bachelor,,94156.55258335955,2018-01-13,2.0,
EMP0111,OLIVER MILLER,28.0,male,human resources,Austin,High School,15.397301983522997,71132.71068621713,06-20-2022,3.0,755-290-8323
EMP0319,AVA SMITH,44.0,F,engineering,New York,bachelors,11.816916732430396,56940.939306109634,2013-05-15,1.0,
EMP0429,JAMES MILLER,39.0,Female,Hr,NYC,MASTERS,3.736399844854973,36870.329131832324,01-23-2006,4.0,9860457232
EMP0030,  Ava Garcia  ,59.0,M,Eng,Chicago,MBA,7.306554302659661,69083.5521936701,08-04-2017,2.0,
EMP0438,elijah anderson,35.0,MALE,Eng,new york,PhD,11.316161580477019,67794.26471620912,unknown,3.0,(426) 389-4629
EMP0472,olivia brown,55.0,Male,engineering,New York,B.Tech,6.244667477912321,109110.07293900508,2021-08-18,4.0,754-212-8347
EMP0027,Logan Thompson,18.0,MALE,FINANCE,Austin,MBA,8.890046326701306,72496.02148007954,03/04/2021,3.0,680.217.4842
EMP0008,isabella thompson,35.0,MALE,fin,new york,PhD,6.740131498594549,,02-22-2001,4.0,205.359.5530
EMP0454,  Lucas Williams  ,37.0,Male,Hr,AUSTIN,B.Tech,15.909778130382284,127583.4735963977,24/11/2012,4.0,614-635-2278
EMP0109,  William Jackson  ,42.0,M,mktg,NYC,PhD,7.515623314438069,50439.09899255175,06/03/2002,4.0,
EMP0038,  Logan Lee  ,32.0,female,FINANCE,NYC,B.Tech,12.682634462840383,47876.72192652011,2009-02-13,4.0,
EMP0158,liam martin,39.0,MALE,sales,San Francisco,B.Tech,6.988357285939834,105792.69613263928,2012-06-07,5.0,950-569-5567
EMP0490,Olivia Anderson,39.0,Male,mktg,Chicago,HS,0.0,64015.360177324015,2009-02-19,5.0,(472) 976-9841
EMP0119,  Mason White  ,27.0,Female,FINANCE,San Francisco,High School,12.359525683589272,90577.32098762653,12-06-2009,2.0,907.708.9385
EMP0115,EMMA TAYLOR,35.0,Male,mktg,AUSTIN,Master,0.0,60679.41190525437,23/10/2020,3.0,820.136.0912
EMP0155,HARPER THOMPSON,42.0,female,engineering,Chicago,bachelors,2.4036339207008925,94812.43319527875,06-06-2017,3.0,986-271-4392
EMP0374,olivia lee,31.0,MALE,mktg,new york,B.Tech,4.712181560432738,68816.45601897064,2004-07-23,4.0,8807224269
EMP0182,Evelyn Thomas,32.0,Female,Operations,NYC,B.Tech,5.898435617543756,83322.31645094664,04-12-2001,4.0,613.588.3267
EMP0145,ISABELLA WHITE,38.0,female,engineering,SF,MASTERS,2.428831350154293,42351.668285042506,2019-09-17,4.0,8025389101
EMP0370,isabella thomas,38.0,male,engineering,San Francisco,phd,3.5595322114810415,82301.47398635287,2022-10-10,2.0,(402) 385-8241
EMP0391,MIA TAYLOR,38.0,MALE,MARKETING,AUSTIN,phd,10.24106247611035,,TBD,3.0,
EMP0196,  William Williams  ,41.0,male,MARKETING,NYC,PhD,13.084536406719057,93758.21654109174,04-11-2007,1.0,859-531-9006
EMP0405,OLIVIA JOHNSON,26.0,Male,fin,New York,B.Tech,10.271297165060368,96868.75992172184,09-08-2006,4.0,720.826.9635
EMP0276,  William Johnson  ,150.0,F,engineering,chicago,MBA,8.825334281884173,30000.0,27/04/2023,4.0,671.341.1173
EMP0455,james anderson,40.0,Female,Operations,SF,HS,5.912527455172606,119813.14361208238,2005-07-24,3.0,
EMP0142,Logan Jackson,25.0,MALE,Hr,new york,High School,11.524224060360657,64089.453832948406,06-17-2009,3.0,
EMP0366,Liam Thomas,999.0,MALE,human resources,SF,Bachelor,0.0,,04-01-2010,,599-514-0163
EMP0068,ETHAN WALKER,18.0,M,engineering,new york,MBA,,70062.12559603428,12-15-2020,5.0,404-144-0260
EMP0211,  Charlotte Miller  ,58.0,M,Eng,Boston,High School,10.053934137332874,98125.0468866616,2000-02-17,5.0,694.673.0481
EMP0169,Emma Harris,34.0,Male,MARKETING,chicago,HS,3.842673788877107,81410.91009124457,2016-01-11,5.0,
EMP0494,  Mason Williams  ,,female,MARKETING,New York,bachelors,0.0,94322.34197882838,2003-04-13,4.0,514.337.3153
EMP0376,  Charlotte Taylor  ,41.0,MALE,Operations,chicago,HS,6.595922532117236,77485.06988884637,04/09/2011,4.0,475-682-2401
EMP0401,Ethan Anderson,52.0,FEMALE,engineering,AUSTIN,MBA,7.2823470276927456,91758.34099716453,15/10/2023,3.0,(397) 018-3462
EMP0273,Elijah Wilson,43.0,M,Hr,new york,phd,7.4645965097953795,72152.71316939962,99/99/9999,3.0,
EMP0110,Olivia Harris,41.0,F,sales,New York,MBA,8.889212304606259,81650.72282964546,02/05/2023,4.0,
EMP0249,LOGAN DAVIS,38.0,female,sales,New York,Bachelor,3.1758504798542546,45648.351466642576,14/11/2023,3.0,8651592747
EMP0146,Lucas Garcia,18.0,Female,FINANCE,Chicago,HS,,74797.22451936254,04-16-2016,3.0,697.930.5039
EMP0093,emma moore,30.0,Female,Operations,Boston,MASTERS,11.78370805520559,102621.50663931572,09-21-2012,4.0,
EMP0153,Sophia Thomas,,FEMALE,fin,SF,MASTERS,5.319444538884866,55727.83806083178,09-27-2020,3.0,215-934-7439
EMP0368,  Ava Davis  ,50.0,F,human resources,chicago,phd,8.223159228459092,,09-05-2000,3.0,(409) 933-7177
EMP0468,  Liam Jackson  ,32.0,male,mktg,NYC,PhD,1.5529497339745477,112718.79312489067,02/12/2003,4.0,311-844-7156
EMP0084,Mia Brown,34.0,M,Hr,Boston,bachelors,,54203.10634319063,N/A,3.0,892.382.0549
EMP0246,isabella harris,28.0,Female,fin,Boston,Master,5.715145995846706,84237.61591184913,99/99/9999,4.0,(306) 662-8394
EMP0166,ETHAN WHITE,28.0,male,mktg,New York,PhD,0.0,67932.8396790904,10-01-2000,4.0,579-955-4670
EMP0164,Noah Moore,41.0,female,Operations,NYC,Master,9.092600093706436,93471.73456457841,04-16-2001,2.0,461.959.3561
EMP0200,sophia anderson,40.0,female,mktg,NYC,HS,0.0,101690.86871218644,2005-02-23,,
EMP0229,Liam Lee,52.0,F,sales,chicago,High School,13.265450431379984,112574.41869027134,05-22-2021,3.0,750.026.3050
EMP0075,liam anderson,31.0,Female,fin,AUSTIN,Master,13.63298694224915,88468.118604894,03/03/2007,3.0,818.609.4921
EMP0479,  James Lee  ,31.0,male,human resources,New York,High School,9.85584542043875,109769.14787035351,01-10-2005,3.0,260.916.8392
EMP0359,OLIVER SMITH,42.0,F,mktg,San Francisco,PhD,5.187369482656592,83911.14752272816,2002-10-23,3.0,3155404554
EMP0251,Mason Walker,37.0,M,fin,NYC,HS,,69135.20242706906,04-07-2011,4.0,
EMP0120,MIA WALKER,29.0,FEMALE,engineering,new york,Master,5.3341856786304795,30000.0,2017-02-20,2.0,
EMP0168,william thompson,29.0,M,engineering,New York,phd,19.370522090479437,80066.14233117417,2006-02-26,3.0,9118729335
EMP0300,  Mason Martin  ,43.0,MALE,Eng,Boston,Bachelor,0.09693229581881901,70792.4050672361,08/06/2003,4.0,(806) 253-8236
EMP0256,EVELYN MILLER,32.0,FEMALE,Operations,SF,B.Tech,10.230707444146041,115806.38517485379,2014-07-17,3.0,767-326-1337
EMP0355,logan wilson,34.0,Male,fin,SF,Bachelor,5.992209684134135,46243.61715729756,unknown,3.0,(735) 248-7425
EMP0400,  Charlotte Williams  ,30.0,FEMALE,Hr,SF,MASTERS,12.692754673641211,77701.93324404348,10/10/2002,4.0,349.881.0127
EMP0226,charlotte taylor,38.0,FEMALE,Hr,AUSTIN,Bachelor,14.673926461860207,106718.95446585346,01-11-2013,2.0,(342) 154-6537
EMP0354,harper wilson,41.0,MALE,Hr,Chicago,B.Tech,7.851739861844222,118341.96942087283,01-16-2004,3.0,742-786-7088
EMP0235,WILLIAM JOHNSON,35.0,male,Hr,Chicago,High School,10.90400755744778,75802.59714357473,12-04-2021,5.0,
EMP0383,Oliver Taylor,35.0,male,Eng,Boston,phd,14.006521539967697,72236.32006105491,2000-01-05,4.0,
EMP0275,Lucas Johnson,28.0,MALE,mktg,New York,Bachelor,,68603.72406129907,2008-01-18,1.0,8248295143
EMP0037,NOAH DAVIS,33.0,Male,fin,Boston,Master,7.885686071357201,64165.50160517178,2016-03-08,3.0,(859) 487-3650
EMP0197,EVELYN TAYLOR,25.0,male,engineering,San Francisco,HS,9.513376136415989,56924.68478254911,12/01/2005,4.0,8575381726
EMP0140,AVA MARTIN,37.0,Male,Operations,San Francisco,PhD,8.030016210752251,110444.05422159031,12-14-2018,5.0,480-007-0875
EMP0365,ETHAN HARRIS,,female,sales,New York,B.Tech,8.590979644387271,84009.03855544617,2019-03-18,5.0,649-137-2449
EMP0245,mia jones,32.0,FEMALE,Eng,NYC,Master,0.0,64412.58431330775,07-15-2011,3.0,(959) 420-2169
EMP0440,Elijah Walker,,FEMALE,FINANCE,San Francisco,bachelors,6.691036627545879,64967.81174563996,2011-10-03,5.0,253.642.3649
EMP0287,lucas davis,27.0,M,human resources,New York,PhD,14.738661641437744,54285.71563311391,2013-07-25,4.0,762.584.3696
EMP0060,OLIVIA JONES,30.0,F,Eng,AUSTIN,Bachelor,20.209340222122673,60135.513251543816,02/05/2019,2.0,
EMP0112,lucas smith,31.0,Female,FINANCE,Boston,MBA,10.394074612857423,63296.18972339247,16/01/2005,1.0,628-242-5692
EMP0090,james martin,26.0,male,Eng,Austin,MASTERS,,73114.2789931481,02-19-2000,2.0,(700) 167-6733
EMP0437,Olivia White,38.0,M,fin,San Francisco,Bachelor,6.994309222495219,,N/A,2.0,943.296.5997
EMP0008,Ethan Anderson,30.0,MALE,Eng,chicago,bachelors,2.7395733076297724,75347.10125819796,11-08-2004,3.0,542-032-4185
EMP0361,  Sophia Taylor  ,28.0,Male,human resources,new york,B.Tech,4.7569883551121,80051.97915188894,07-03-2004,5.0,(418) 622-0472
EMP0347,  Mia Wilson  ,24.0,Male,mktg,Chicago,High School,10.209582322958093,66055.14045284798,10-20-2016,,903-887-8965
EMP0339,Amelia Anderson,38.0,M,engineering,AUSTIN,High School,6.909708740585852,118951.85390578219,06-21-2010,1.0,9274364411
EMP0159,Sophia Taylor,52.0,FEMALE,Operations,San Francisco,MBA,0.0,30000.0,02/10/2010,5.0,885-094-5168
EMP0151,harper taylor,35.0,male,Eng,Austin,HS,13.615461427010153,87067.71865650715,08-17-2010,3.0,(413) 509-6714
EMP0178,amelia brown,34.0,Female,MARKETING,SF,Master,0.0,5000.0,09-22-2002,4.0,(731) 657-7447
EMP0394,harper lee,40.0,Male,fin,Boston,PhD,15.069006608028943,74510.19331767756,24/12/2000,4.0,
EMP0185,  Harper Davis  ,47.0,M,Eng,chicago,HS,10.91684897748463,84140.9394882641,10/01/2019,3.0,(793) 062-9152
EMP0450,Ethan Anderson,31.0,Female,human resources,new york,phd,13.306212585688362,74600.26175917509,2012-06-05,4.0,9787323268
EMP0011,  William Wilson  ,25.0,Male,engineering,New York,HS,12.344734202762737,102712.11477126292,08/04/2011,2.0,
EMP0381,MASON LEE,40.0,FEMALE,engineering,AUSTIN,HS,9.732377291350714,87321.25250552049,05-26-2001,3.0,
EMP0471,SOPHIA BROWN,45.0,M,mktg,SF,Bachelor,2.625960111548868,75524.786779564,09-06-2006,2.0,
EMP0082,mason taylor,34.0,female,fin,new york,High School,9.67778243848878,41980.86744729033,08/05/2005,2.0,(485) 315-5348
EMP0039,sophia jackson,26.0,M,Hr,new york,phd,4.66947455790856,76144.1982454136,11-23-2020,3.0,3718795676
EMP0315,Mia Anderson,37.0,MALE,Operations,New York,MBA,9.342210037940957,114121.70885980493,19/08/2004,4.0,5111381979
EMP0168,mia lee,37.0,female,mktg,Chicago,MASTERS,10.63102990713338,97802.47689872628,12/08/2010,3.0,
EMP0470,ETHAN WALKER,38.0,Female,FINANCE,NYC,phd,8.758831517621198,104208.17850090805,24/06/2018,2.0,794-619-2835
EMP0297,oliver williams,150.0,FEMALE,human resources,NYC,Bachelor,,72823.49061747183,01-08-2016,2.0,
EMP0475,  Ava Jackson  ,33.0,FEMALE,engineering,SF,MBA,0.0,129105.70659090955,2007-05-19,4.0,578-521-5096
EMP0199,mason walker,46.0,MALE,engineering,NYC,Bachelor,12.756036462776272,71524.93470885024,07/01/2018,4.0,9941983295
EMP0298,Amelia Brown,30.0,Male,fin,New York,HS,9.575282200792422,115414.39428083599,2016-07-11,4.0,7004198246
EMP0417,LOGAN SMITH,39.0,MALE,human resources,Austin,Bachelor,13.391520003300151,96757.22399267869,14/03/2024,,9105186401
EMP0147,mia thomas,21.0,MALE,mktg,Boston,phd,4.425322755285128,81498.19946320304,2003-01-17,4.0,
EMP0393,charlotte thomas,44.0,M,human resources,New York,MASTERS,5.98400373772668,43702.80752800644,unknown,3.0,516.257.5784
EMP0148,James Walker,30.0,M,mktg,AUSTIN,Bachelor,17.29157564580031,79001.89370704463,11-19-2016,3.0,604.944.5458
EMP0448,  James Thomas  ,,M,Eng,Austin,Bachelor,14.617114375413939,100813.97232635361,2001-12-04,2.0,(447) 135-8371
EMP0288,CHARLOTTE MARTIN,45.0,F,Eng,NYC,Master,13.374987374072255,93393.13638808801,22/11/2022,3.0,414.389.2041
EMP0124,AMELIA MILLER,31.0,F,sales,San Francisco,High School,7.105533967923766,100224.46741273663,05/08/2002,2.0,849.690.8678
EMP0369,  Liam Jackson  ,40.0,Female,mktg,SF,MBA,13.420706621129748,68663.19328944472,02-09-2021,4.0,829.405.3304
EMP0097,HARPER WALKER,47.0,Male,human resources,new york,MBA,1.0454065024574293,85178.18193568336,07-20-2006,5.0,
EMP0144,  Harper Garcia  ,37.0,F,Eng,NYC,High School,4.480437040060698,30820.96525909694,17/05/2008,3.0,4570956406
EMP0240,Mason Martin,27.0,FEMALE,engineering,San Francisco,HS,9.694479951607194,83272.55677079746,07-22-2022,4.0,
EMP0443,  Elijah Davis  ,33.0,male,Hr,Chicago,HS,12.04432257222523,105876.47734799095,01-19-2003,4.0,347.615.9187
EMP0098,  William Moore  ,36.0,Female,human resources,Austin,High School,13.639252325443824,119804.91167491862,21/08/2020,3.0,748-136-1996
EMP0408,Isabella Davis,33.0,Female,Hr,Boston,HS,4.972369607729702,,11-02-2022,3.0,564-873-4333
EMP0123,Noah Taylor,28.0,M,Operations,Austin,phd,9.764740645959105,121637.47016295235,02/01/2021,5.0,(390) 216-1500
EMP0184,Noah Garcia,36.0,F,fin,NYC,phd,10.826161456993763,80338.03112246185,2006-05-09,3.0,(200) 363-4846
EMP0203,NOAH THOMPSON,42.0,M,engineering,NYC,PhD,13.624732987089128,86151.39816729656,N/A,1.0,996-490-0635
EMP0247,EVELYN MOORE,41.0,male,Hr,Chicago,bachelors,10.137068150148092,102023.71765994254,02-16-2024,4.0,9674500880
EMP0306,Ava Martin,30.0,Female,sales,New York,phd,12.812321926703275,71034.90397253637,08/06/2004,4.0,2219259331
EMP0299,Ava Miller,26.0,female,engineering,Chicago,PhD,1.9809581708520554,104454.02498877869,05-16-2013,5.0,208-347-3053
EMP0352,AVA GARCIA,42.0,F,sales,Chicago,Master,6.8167169115994115,73664.58880691104,22/05/2016,3.0,
EMP0387,Ava Thompson,18.0,MALE,mktg,Chicago,PhD,14.478971584615445,,24/05/2015,1.0,(888) 516-4430
EMP0396,olivia smith,,F,engineering,San Francisco,phd,0.0,72147.69533738057,04/09/2005,3.0,(502) 523-5204
EMP0285,Harper Lee,46.0,female,fin,NYC,phd,19.23267739603702,94415.44180144463,2012-03-18,4.0,
EMP0126,ETHAN MILLER,35.0,FEMALE,engineering,new york,MASTERS,5.157180570381763,97503.42736497629,05-21-2021,4.0,
EMP0303,  Harper Anderson  ,36.0,Female,fin,NYC,HS,11.227557332087622,81897.55942234867,17/09/2003,3.0,8384373602
EMP0224,EVELYN MOORE,18.0,Female,fin,Boston,Bachelor,0.0,98765.62539502434,01-26-2014,1.0,
EMP0384,  Isabella Walker  ,,male,fin,new york,PhD,4.438766657070654,-1000.0,2003-01-18,2.0,4914575131
EMP0220,EMMA THOMPSON,23.0,F,sales,SF,B.Tech,5.912233509248613,86501.00952436162,12-25-2016,4.0,(431) 561-3072
EMP0130,  Logan Walker  ,39.0,M,fin,chicago,bachelors,4.29823984288095,65200.36803971802,2011-06-16,3.0,2026260862
EMP0421,Lucas Lee,30.0,Male,Eng,NYC,Bachelor,,73778.02062157537,05-01-2003,2.0,7275971098
EMP0290,  Harper Thomas  ,39.0,female,human resources,Boston,Master,15.091826209513759,61938.66995286837,2005-05-23,5.0,(559) 856-4267
EMP0445,mason white,,Female,sales,chicago,B.Tech,17.422732334911565,48344.35806805609,17/08/2004,3.0,900.243.6368
EMP0377,  Harper Anderson  ,21.0,Male,sales,AUSTIN,HS,0.0,89597.71503098,2022-04-05,1.0,
EMP0292,  Evelyn Harris  ,27.0,F,engineering,New York,PhD,7.488615559166723,76238.07601010393,27/11/2001,4.0,856.075.2502
EMP0356,Logan Jones,35.0,F,sales,chicago,MBA,13.920556006745976,49454.63166465185,2018-01-16,4.0,678.600.7459
EMP0295,emma harris,18.0,F,sales,Boston,High School,9.893539914402874,72615.99004779758,2003-12-19,4.0,311-154-9096
EMP0397,  Logan Thomas  ,27.0,M,sales,AUSTIN,MBA,8.608427265755324,65124.11547441511,2003-10-15,4.0,(441) 915-5921
EMP0341,HARPER JONES,18.0,F,mktg,Boston,MASTERS,0.0,91851.37179857591,11-10-2024,3.0,358-908-3844
EMP0113,  Olivia Taylor  ,25.0,MALE,human resources,AUSTIN,High School,9.63782843271369,78968.83324062671,03-02-2024,4.0,(754) 548-2485
EMP0127,charlotte thompson,33.0,Male,human resources,AUSTIN,MBA,1.6425088086863555,50653.01122973187,24/02/2002,5.0,6315938741
EMP0308,OLIVER LEE,33.0,M,mktg,Chicago,MBA,6.871502621504227,93906.06894199696,2019-12-18,5.0,(817) 204-4419
EMP0433,mia white,40.0,F,engineering,New York,B.Tech,11.014187410611118,77475.72691559131,04-25-2017,3.0,587-276-7825
EMP0488,  Isabella Anderson  ,31.0,Female,human resources,NYC,B.Tech,6.146927273511817,119645.31248601119,08/11/2005,5.0,4867974021
EMP0482,evelyn white,48.0,MALE,FINANCE,Austin,MBA,11.233466052536542,34957.50295905643,04/11/2018,2.0,
EMP0423,Emma Brown,28.0,Female,MARKETING,chicago,B.Tech,6.6613240763848545,30000.0,25/12/2020,4.0,3395419654
EMP0234,Lucas Miller,43.0,Male,Operations,new york,MASTERS,,999999.0,25/12/2002,3.0,904-279-9761
EMP0312,LIAM MOORE,49.0,Male,sales,NYC,High School,5.124883039852323,36028.975768342396,08/06/2009,5.0,
EMP0165,  Oliver Jones  ,,Female,Eng,Boston,bachelors,11.310779584038809,88525.48697043333,02-25-2024,3.0,974.642.6968
EMP0137,Isabella White,23.0,MALE,Operations,Chicago,MBA,10.328811085923752,105375.75578012205,19/08/2014,3.0,
EMP0198,CHARLOTTE WHITE,39.0,female,Eng,new york,MBA,15.158715875547331,79115.7311680037,09/01/2016,4.0,(204) 658-5115
EMP0259,Sophia Moore,48.0,MALE,engineering,AUSTIN,MASTERS,12.530593208517889,60215.909455653324,26/05/2015,5.0,(667) 740-8845
EMP0233,  Amelia Garcia  ,29.0,male,Hr,chicago,MBA,19.23107901104951,82586.72474432943,06-21-2010,5.0,815-004-4270
EMP0116,Ava Jones,40.0,female,sales,Chicago,PhD,11.616165760804115,62304.95947645026,01/12/2016,4.0,(472) 557-2193
EMP0121,Amelia Brown,34.0,female,human resources,Chicago,Master,2.1706517419965845,80189.88426598154,26/08/2002,3.0,
EMP0350,  Emma Williams  ,39.0,Male,human resources,NYC,Bachelor,5.088026606038837,78317.08933499627,04/04/2003,5.0,773-514-7937
EMP0225,Olivia Taylor,19.0,M,engineering,New York,High School,7.9522930615161025,54882.52852657276,2018-04-20,5.0,778-636-2584
EMP0426,  Harper Taylor  ,38.0,FEMALE,FINANCE,Boston,Bachelor,7.146229614900112,145059.39702866413,2013-12-14,2.0,6579902211
EMP0398,evelyn williams,30.0,F,mktg,SF,phd,4.665086424837819,92580.40324947679,08-02-2005,3.0,
EMP0128,JAMES BROWN,36.0,FEMALE,engineering,AUSTIN,B.Tech,14.949438335531852,86733.96974445389,02/06/2018,3.0,2476443986
EMP0286,mason jackson,35.0,MALE,fin,Boston,B.Tech,15.952686712806738,104435.03624145145,13/02/2003,2.0,8625073171
EMP0412,  Mason Smith  ,35.0,male,Operations,new york,MBA,,58671.206399648196,20/04/2008,2.0,
EMP0108,  Noah Moore  ,36.0,male,sales,AUSTIN,MASTERS,9.03034820776736,94982.59709973348,04-20-2003,4.0,
EMP0371,  Harper Taylor  ,32.0,M,human resources,AUSTIN,Bachelor,,52962.74037458427,10/09/2007,5.0,207.435.7505
EMP0326,  Mia Brown  ,43.0,male,human resources,San Francisco,Bachelor,5.497162298373858,98850.6619833803,05/11/2023,3.0,887-605-8395
EMP0134,  Olivia Miller  ,,Female,sales,chicago,HS,15.84040037527052,60225.17815953633,2018-03-14,1.0,2195473621
EMP0453,Lucas Miller,45.0,F,Eng,New York,PhD,14.980631784638412,74588.52770310051,06-12-2007,,
EMP0045,Noah Smith,35.0,Female,Eng,chicago,bachelors,3.4006547529638,57480.833967684775,2010-05-11,3.0,275-997-7351
EMP0461,Harper Williams,51.0,male,mktg,chicago,PhD,11.18564108672658,66174.66300712811,14/08/2003,3.0,6003424836
EMP0066,NOAH TAYLOR,38.0,male,FINANCE,Chicago,bachelors,9.450140186347076,51127.950783421,08-26-2016,2.0,(498) 224-3313
EMP0284,Sophia Martin,26.0,FEMALE,Operations,Chicago,MBA,10.598677140892843,72908.63935851019,2021-09-15,3.0,832.678.6242
EMP0086,LOGAN MOORE,44.0,MALE,Operations,New York,bachelors,5.124106636299168,49660.766671304526,07/08/2006,4.0,207.912.2271
EMP0243,  Noah Moore  ,52.0,FEMALE,mktg,San Francisco,MASTERS,14.187820081023624,114476.14687091508,19/04/2010,3.0,
EMP0187,  Charlotte Smith  ,42.0,F,Operations,chicago,High School,13.808242908214204,72477.31474822616,N/A,3.0,723.758.9809
EMP0384,  Evelyn Jackson  ,42.0,FEMALE,Eng,NYC,phd,4.920318894347336,75604.62532751773,02/10/2017,4.0,
EMP0160,Evelyn Anderson,,male,Eng,Austin,bachelors,,84652.30376483328,15/06/2016,3.0,508.406.7314
EMP0013,  Evelyn Garcia  ,40.0,MALE,FINANCE,Chicago,MASTERS,9.150009950055876,110391.35023305124,2002-09-05,3.0,343-083-1459
EMP0036,  Ethan Jackson  ,46.0,Female,fin,Boston,phd,7.992475272428897,36192.64739291088,20/04/2006,4.0,(439) 870-8606
EMP0029,  Liam Moore  ,42.0,F,fin,San Francisco,phd,4.31057701433331,101126.8718728617,10-14-2001,3.0,752.360.9232
EMP0171,NOAH MARTIN,29.0,FEMALE,human resources,Boston,Bachelor,0.0,104837.61108298272,unknown,3.0,263-965-5853
EMP0143,  Sophia Martin  ,41.0,M,mktg,AUSTIN,phd,7.672948218966086,78156.57823402577,2012-01-12,2.0,3186950560
EMP0399,James Johnson,55.0,Male,Operations,NYC,Bachelor,5.8484497760924405,105696.50044461733,2006-05-21,5.0,8517082836
EMP0343,sophia johnson,31.0,F,mktg,NYC,MBA,,93962.67273118602,2015-03-22,4.0,820.718.3436
EMP0222,  Evelyn Wilson  ,35.0,Female,mktg,new york,MASTERS,10.46873366663662,77763.25001700594,11-03-2019,2.0,3901220892
EMP0096,ELIJAH WALKER,18.0,Male,Eng,New York,PhD,10.4959846646315,100951.660627939,2011-05-01,2.0,
EMP0052,Noah Jones,18.0,MALE,engineering,chicago,High School,6.981823527770336,52620.34172935588,07-07-2001,4.0,(264) 611-3397
EMP0241,  Emma Taylor  ,47.0,F,mktg,Boston,PhD,,40975.0907901708,,2.0,8935111597
EMP0485,OLIVIA LEE,42.0,Male,Eng,new york,bachelors,9.349584301281705,111835.91857309503,07-12-2010,4.0,350-214-9789
EMP0379,  Logan Williams  ,36.0,female,mktg,new york,HS,10.59476039191612,59870.930874304846,06/04/2012,3.0,5798584213
EMP0179,CHARLOTTE HARRIS,28.0,FEMALE,mktg,AUSTIN,B.Tech,3.7099955242864597,85054.65617357111,04/07/2002,2.0,9293925879
EMP0042,NOAH JONES,35.0,MALE,fin,SF,B.Tech,3.4990346443365565,74688.12869615809,11-18-2014,3.0,7230097411
EMP0499,ELIJAH DAVIS,32.0,M,MARKETING,San Francisco,MBA,7.209411460540926,81603.69012873323,19/06/2022,5.0,(766) 393-1513
EMP0422,James Miller,28.0,Female,Eng,Austin,B.Tech,3.240742763343758,63834.57315306991,01-17-2004,3.0,982.706.8857
EMP0207,  Harper Smith  ,,M,sales,AUSTIN,PhD,9.126967631496472,,08-04-2018,3.0,457-312-2715
EMP0283,mason thompson,57.0,Female,sales,chicago,MASTERS,4.142511546146858,70555.04529973517,2016-12-02,4.0,7877943123
EMP0255,logan jackson,37.0,FEMALE,mktg,new york,MASTERS,6.138514890543497,120560.62179607304,01/09/2005,2.0,(892) 650-6373
EMP0413,liam miller,19.0,F,human resources,New York,B.Tech,0.0,,03/04/2020,5.0,674.974.1832
EMP0005,isabella white,999.0,Female,mktg,New York,Master,0.5380983978738243,55082.48303450082,2002-12-07,4.0,8818045916
EMP0257,EVELYN SMITH,,FEMALE,sales,AUSTIN,Bachelor,2.7660752536138062,80861.57116482321,09-21-2000,2.0,
EMP0449,WILLIAM WHITE,40.0,male,Eng,chicago,HS,6.402273664594601,63012.01368685732,2021-01-04,3.0,473.332.5160
EMP0101,AMELIA BROWN,27.0,Female,MARKETING,AUSTIN,bachelors,2.5105919750727166,84192.4797936072,15/04/2024,3.0,
EMP0227,lucas wilson,41.0,M,Eng,New York,HS,5.2486184674138645,44749.81805554379,26/10/2010,3.0,(203) 113-6910
EMP0430,James Thomas,37.0,female,engineering,chicago,bachelors,9.263201294059392,49181.282130152686,07-09-2012,3.0,
EMP0214,noah williams,,F,FINANCE,SF,HS,8.511638638902548,31471.431074880013,2016-08-01,2.0,870-380-8471
EMP0172,MASON MOORE,42.0,male,Hr,NYC,MBA,8.68274614863438,141611.1124582983,2010-09-07,4.0,364.517.7557
EMP0099,WILLIAM JONES,23.0,F,Hr,SF,B.Tech,6.291498655303428,81641.50787285328,12/06/2016,4.0,814.519.0180
EMP0293,Charlotte White,50.0,F,Hr,Austin,phd,4.7440738490365035,47552.62861172692,2019-07-18,2.0,
EMP0216,  Sophia Smith  ,38.0,Male,human resources,Chicago,PhD,12.9109555979799,60335.23865545062,20/11/2015,,406-707-8935
EMP0062,WILLIAM WILSON,52.0,FEMALE,human resources,New York,Bachelor,8.852235731818023,59921.778373835245,01-02-2004,,382-546-2332
EMP0048,ELIJAH THOMAS,32.0,M,Eng,AUSTIN,Master,4.8743019480016745,52957.79890037835,01-18-2018,3.0,272.181.6284
EMP0033,Amelia Taylor,32.0,FEMALE,fin,Boston,MASTERS,11.280781647459424,98733.60510134701,2008-03-10,4.0,(917) 664-7942
EMP0268,Harper Jackson,37.0,Male,Eng,SF,MASTERS,12.60568392821308,100446.1770708292,2014-01-16,3.0,4544488153
EMP0328,  William Wilson  ,65.0,male,engineering,chicago,HS,6.952943805415097,97008.18498464508,10-13-2012,3.0,(600) 682-6711
EMP0201,william taylor,52.0,F,engineering,Austin,High School,15.18284223550624,30000.0,2019-08-10,5.0,(970) 470-2043
EMP0447,NOAH JACKSON,24.0,MALE,engineering,San Francisco,PhD,11.578761277981028,83794.79075552945,2001-10-27,4.0,
EMP0028,james thompson,40.0,male,Hr,chicago,High School,9.51327896709103,43511.20987786702,2017-02-12,4.0,(931) 668-8248
EMP0425,evelyn davis,39.0,Male,fin,Chicago,Bachelor,2.7423905109968834,58059.34316555074,2014-12-04,4.0,983-472-0340
EMP0231,  Oliver Davis  ,46.0,FEMALE,FINANCE,AUSTIN,Bachelor,11.525821628406042,81786.20620387414,03-09-2005,5.0,4165250483
EMP0261,noah martin,,female,engineering,chicago,High School,9.76499532386573,91639.17264051687,99/99/9999,4.0,944-890-7626
EMP0289,AVA WHITE,36.0,male,human resources,San Francisco,MBA,8.17121925431651,52924.51364553297,24/12/2007,4.0,
EMP0163,  Sophia White  ,29.0,F,Eng,NYC,High School,9.388449784356611,101992.07280159497,2013-09-18,4.0,
EMP0426,NOAH DAVIS,,M,Eng,chicago,B.Tech,8.415420881902957,103250.71055600025,02-18-2001,3.0,255.530.4989
EMP0139,William Martin,37.0,female,engineering,AUSTIN,B.Tech,4.5724243379763845,85254.45465829283,23/11/2006,3.0,410-357-6282
EMP0063,william taylor,25.0,female,engineering,NYC,PhD,14.334504249733973,93577.35769280384,05/03/2010,2.0,972.523.1207
EMP0136,  Logan Wilson  ,49.0,male,fin,Chicago,MASTERS,13.627522580588174,,05-25-2011,3.0,634.588.6801
EMP0129,lucas taylor,56.0,female,engineering,chicago,MASTERS,8.402303581735136,122894.07658039374,06-04-2019,3.0,(337) 509-3277
EMP0477,LIAM ANDERSON,35.0,M,Operations,NYC,HS,1.1783093392160877,999999.0,10/02/2017,3.0,5115708353
EMP0009,Mason Smith,30.0,female,fin,AUSTIN,MASTERS,6.500795930616894,38801.13994280347,2001-12-24,4.0,
EMP0327,EMMA ANDERSON,24.0,female,fin,NYC,B.Tech,3.5353159050572254,109491.24670967509,09/03/2011,5.0,349.639.1778
EMP0464,EMMA LEE,32.0,FEMALE,mktg,Boston,bachelors,4.495320259260003,56406.27779986072,11/11/2007,1.0,(240) 979-1461
EMP0065,  Noah Taylor  ,35.0,Male,fin,AUSTIN,HS,15.73095489791558,68665.65638129643,19/07/2000,3.0,
EMP0301,Noah Walker,32.0,M,Hr,Chicago,bachelors,15.014906405073903,76149.433819544,2003-09-14,4.0,320.702.4518
EMP0015,MASON WILSON,59.0,male,Operations,chicago,bachelors,4.670413281244111,54037.07212208678,11-22-2003,3.0,958.705.6242
EMP0157,Lucas Martin,31.0,Female,MARKETING,SF,Bachelor,4.905313764306768,105150.36785555308,2014-01-24,3.0,541-887-6752
EMP0041,harper johnson,37.0,F,FINANCE,Boston,MBA,6.194702741094344,,2022-04-17,,
EMP0380,Noah Walker,27.0,Male,Operations,New York,phd,4.30565818561396,62221.86930800847,2020-10-05,3.0,(608) 371-4399
EMP0469,james anderson,49.0,M,FINANCE,chicago,PhD,18.263415305757235,,01-12-2009,4.0,(505) 245-5154
EMP0404,olivia williams,18.0,FEMALE,MARKETING,San Francisco,MBA,8.838525024984975,80890.75814918288,02-11-2014,4.0,
EMP0217,elijah white,37.0,FEMALE,human resources,AUSTIN,Bachelor,0.0,94517.7734802464,08/08/2019,3.0,436-225-6192
EMP0280,Sophia Taylor,33.0,Male,mktg,Boston,phd,16.443564962329866,57545.233150175394,13/05/2011,3.0,
EMP0435,OLIVER WHITE,29.0,female,FINANCE,San Francisco,Master,10.049253145179856,30000.0,05-12-2009,2.0,789.265.3037
EMP0431,HARPER JONES,32.0,M,FINANCE,new york,phd,7.72850550090254,62999.91717120968,2012-11-21,4.0,
EMP0338,  Mason Moore  ,39.0,MALE,Hr,San Francisco,Bachelor,11.673739526160096,109035.80730657624,16/05/2021,2.0,439.326.9103
EMP0237,  William Miller  ,39.0,Female,Operations,new york,MASTERS,13.462359959467127,68724.16695521006,2001-12-10,3.0,330.845.3790
EMP0208,Elijah Johnson,44.0,Male,fin,new york,bachelors,9.305713103655128,100903.50941489165,2007-05-24,3.0,(999) 230-3835
EMP0213,sophia taylor,38.0,Male,Operations,New York,bachelors,2.635695035132729,94491.017318216,07/06/2002,3.0,
EMP0296,emma johnson,38.0,male,Eng,AUSTIN,Bachelor,12.070729915930748,99220.96910755901,2007-08-24,3.0,595-337-7861
EMP0458,  Ava Smith  ,35.0,male,Operations,New York,phd,18.464765725490423,89805.55960280576,2019-07-11,,490-878-3632
EMP0041,ethan walker,35.0,FEMALE,MARKETING,Austin,Master,0.0,71415.64847401032,01/05/2004,,
EMP0489,Liam White,38.0,female,engineering,new york,HS,19.93904338096649,78819.6499345736,2002-09-14,3.0,(893) 692-5903
EMP0487,AMELIA WILSON,27.0,M,fin,Chicago,Bachelor,2.191000125085975,87044.28824469684,05/09/2002,5.0,9348978562
EMP0304,  Charlotte Walker  ,-5.0,F,fin,New York,MBA,12.817149153231655,59496.17403911382,04-04-2022,,3881442912
EMP0351,liam thompson,48.0,Female,human resources,chicago,High School,3.8656960629723054,81833.37796243037,03-07-2022,2.0,(290) 320-0665
EMP0270,MASON WILSON,40.0,FEMALE,Eng,AUSTIN,bachelors,9.554564662340574,32914.330963399516,21/03/2022,4.0,(564) 336-0043
EMP0202,Logan Thomas,,FEMALE,engineering,NYC,Master,6.464262002345747,92342.36501620768,2004-01-05,1.0,(585) 746-7134
EMP0162,  Emma Taylor  ,52.0,Female,Eng,chicago,bachelors,7.85696951018031,87912.3541182495,22/06/2001,4.0,
EMP0044,Emma Williams,,Male,Operations,new york,MASTERS,10.45366837567619,91915.18654630013,08/07/2011,1.0,
EMP0218,  Emma Lee  ,38.0,male,human resources,new york,phd,0.0,,2018-12-04,2.0,430-559-3689
EMP0402,isabella thomas,61.0,F,MARKETING,SF,High School,11.062062127829947,81832.58159290039,2006-12-17,3.0,322-103-0869
EMP0191,lucas williams,32.0,MALE,mktg,Boston,Bachelor,8.660120340852671,45872.098506307135,15/05/2007,2.0,866-471-1199
EMP0310,  Sophia Thompson  ,39.0,F,engineering,new york,Master,12.27506017023493,83042.79761266659,2024-08-14,3.0,(748) 834-2091
EMP0260,  Elijah Brown  ,29.0,MALE,human resources,chicago,bachelors,8.79971810919198,84397.32885150946,01-20-2006,4.0,492-848-6039
EMP0106,  Harper Garcia  ,20.0,MALE,Operations,chicago,PhD,6.7733467532043266,60923.81016439098,02-21-2013,4.0,(794) 154-6674
EMP0054,LUCAS LEE,23.0,female,Eng,Chicago,Bachelor,1.5892374193289847,34158.550717447986,2023-02-13,5.0,547.290.0369
EMP0390,  Mason Wilson  ,23.0,Male,MARKETING,San Francisco,MBA,5.998259974400314,69853.44922488193,2008-02-08,4.0,285-790-8068
EMP0002,SOPHIA GARCIA,36.0,female,FINANCE,new york,phd,0.6175981243987927,47735.97169960293,15/06/2002,3.0,4857077259
EMP0442,mason davis,36.0,F,mktg,Chicago,High School,15.820486757556282,78772.54720813647,2013-02-01,5.0,2417885759
EMP0483,elijah moore,36.0,FEMALE,fin,SF,MASTERS,10.072233537465,79212.87994550676,2011-04-04,3.0,(331) 986-6286
EMP0050,Ethan Davis,42.0,Female,FINANCE,AUSTIN,MASTERS,1.878284645843375,49528.72478326616,01/06/2011,2.0,687-594-3591
EMP0420,evelyn davis,41.0,MALE,human resources,new york,High School,1.3787259038232147,44029.19010662711,2010-10-09,5.0,
EMP0081,amelia thomas,41.0,F,Hr,Austin,High School,11.627715725646922,,11-08-2004,4.0,628.505.7630
EMP0206,Lucas Jones,22.0,F,sales,new york,Master,6.935746006339779,116946.66893999037,18/01/2007,3.0,(573) 191-4687
EMP0035,  Ethan Brown  ,52.0,F,Eng,Austin,HS,,30000.0,10/11/2002,3.0,
EMP0264,Isabella Miller,18.0,male,mktg,chicago,Master,6.940296524143393,68080.82885166936,2002-08-05,4.0,755-117-9067
EMP0428,  Liam Lee  ,45.0,F,fin,Austin,bachelors,11.926264269507119,30000.0,10-20-2016,4.0,9882337666
EMP0367,olivia johnson,29.0,FEMALE,Eng,Boston,PhD,11.400362099442813,112353.02058650719,2011-08-25,5.0,
EMP0092,  William Thompson  ,37.0,M,Operations,New York,phd,14.102883504673944,38580.626828388544,01-27-2004,5.0,265.048.1823
EMP0340,  Elijah Anderson  ,18.0,FEMALE,Hr,new york,Bachelor,12.489679382996641,72917.70607344086,01/09/2022,2.0,(473) 451-6416
EMP0474,oliver harris,32.0,F,Operations,chicago,Bachelor,4.889273266901752,52363.96179021851,16/12/2018,2.0,8479909747
EMP0053,amelia thomas,18.0,M,mktg,Chicago,bachelors,6.996050390129691,108935.40875755477,05/04/2004,,
EMP0346,Amelia Miller,29.0,Female,human resources,Boston,bachelors,2.2956967601878553,86369.67182743945,02-18-2004,,
EMP0265,amelia thomas,35.0,MALE,FINANCE,Chicago,Bachelor,5.743144287966718,41329.43005305741,11-25-2011,3.0,
EMP0242,Elijah Brown,41.0,male,Operations,new york,Master,16.946813572082007,77710.23875698072,2013-09-23,,
EMP0014,  Mason Smith  ,35.0,F,FINANCE,AUSTIN,MBA,7.965172804990658,55851.071431249125,2001-08-02,4.0,256-687-2943
EMP0316,Olivia Jackson,,F,fin,NYC,High School,14.982706137431427,65480.9017659586,03-09-2013,3.0,
EMP0089,HARPER GARCIA,45.0,F,FINANCE,Chicago,HS,8.516503687893854,1500000.0,18/04/2023,4.0,720.231.4849
EMP0388,Isabella Davis,51.0,M,FINANCE,Austin,Bachelor,14.498401673354945,61632.61828556107,04-20-2013,3.0,8583867265
EMP0274,liam miller,33.0,male,Hr,new york,MASTERS,6.361785492078626,76226.1406334234,03-22-2005,4.0,993.017.1727
EMP0167,Oliver Harris,21.0,FEMALE,sales,Austin,High School,14.077089588563108,55441.77790201339,2005-01-11,2.0,(730) 458-1625
EMP0329,SOPHIA WHITE,,M,Eng,New York,MASTERS,13.910516557517461,80717.52575621531,09/06/2010,4.0,464-262-7536
EMP0493,Isabella Brown,41.0,FEMALE,FINANCE,Chicago,MBA,0.5792913631709267,79400.9970614642,2001-03-15,4.0,703.995.2656
EMP0135,WILLIAM DAVIS,30.0,F,engineering,Austin,phd,4.1463204081416345,50632.37058335237,12-13-2011,3.0,(253) 087-3189
EMP0307,noah garcia,,F,Hr,San Francisco,MBA,11.2243662822586,,2016-07-20,5.0,3968284838
EMP0116,CHARLOTTE DAVIS,26.0,M,FINANCE,new york,PhD,0.0,55296.49442220463,05/03/2005,3.0,(739) 808-3408
EMP0320,charlotte moore,35.0,Male,fin,chicago,bachelors,10.781221543123113,61419.751600153315,27/11/2001,3.0,286.665.2314
EMP0244,  Emma Brown  ,18.0,FEMALE,FINANCE,NYC,phd,17.948031628405786,60736.25593927766,2007-12-07,4.0,(875) 323-0364
EMP0055,Isabella Walker,31.0,male,FINANCE,Austin,phd,,99843.46470443602,10-26-2015,4.0,780-066-7601
EMP0364,  William Garcia  ,38.0,FEMALE,Eng,San Francisco,Master,2.9126608323707526,81700.94395567958,09/08/2013,1.0,
EMP0051,  Evelyn Walker  ,47.0,female,MARKETING,new york,PhD,9.13029550164325,69176.21228717625,01-18-2024,5.0,
EMP0457,logan thompson,,male,sales,AUSTIN,B.Tech,1.2916180283729162,30000.0,17/11/2018,3.0,4100204451
EMP0175,noah harris,25.0,Female,human resources,San Francisco,B.Tech,15.52653869416244,30000.0,06-26-2004,4.0,953.991.0607
EMP0446,Olivia Taylor,18.0,MALE,Hr,SF,bachelors,18.291025193326085,999999.0,26/07/2005,5.0,3928221526
EMP0190,noah moore,33.0,Female,fin,Boston,MASTERS,3.0203281015480066,52922.510205334846,N/A,3.0,
EMP0497,mia johnson,46.0,Male,Eng,New York,High School,16.316359827585817,72768.20850811394,2018-06-11,5.0,
EMP0188,Emma White,30.0,female,engineering,San Francisco,HS,12.542582860384496,43730.62931910917,02/05/2000,3.0,5174173949
EMP0170,  Sophia Garcia  ,32.0,Male,MARKETING,NYC,B.Tech,1.491333243801309,119919.75516655843,2019-10-22,3.0,8245520255
EMP0059,  Logan Johnson  ,31.0,M,fin,new york,Bachelor,9.459105950028938,105342.08867616604,05-04-2000,4.0,
EMP0049,OLIVER MILLER,43.0,MALE,Hr,chicago,PhD,6.946885692897619,84270.72870025884,14/10/2008,5.0,884-778-4557
EMP0345,EMMA MILLER,36.0,F,mktg,Boston,HS,7.872563020497279,115388.14023430561,2009-07-22,4.0,
EMP0236,Noah Martin,36.0,Female,MARKETING,new york,Master,5.647847136950272,,2016-03-27,4.0,
EMP0253,Sophia Martin,20.0,Male,FINANCE,Austin,MBA,10.243434419558588,,06-17-2001,3.0,233.667.2767
EMP0022,ETHAN WALKER,150.0,F,fin,San Francisco,MASTERS,12.784263297367408,68578.74812355098,09-07-2019,5.0,(357) 032-3065
EMP0314,sophia lee,41.0,FEMALE,mktg,new york,PhD,6.406875223596219,53716.76180596193,07/07/2005,4.0,4708790053
EMP0235,liam wilson,18.0,male,FINANCE,San Francisco,Master,2.3995402279224205,89324.71547085879,12-23-2020,3.0,
EMP0161,Lucas Martin,,Male,mktg,San Francisco,bachelors,0.8257719943298207,36133.591141099605,17/08/2014,4.0,(893) 164-9711
EMP0277,Isabella Davis,35.0,MALE,Hr,SF,B.Tech,10.001599254306905,65586.18322720529,2017-08-23,3.0,563.222.5469
EMP0444,Elijah White,48.0,Male,FINANCE,NYC,Master,7.9265001012290615,49230.181791628405,24/09/2004,3.0,2176438918
EMP0192,william garcia,19.0,Male,MARKETING,new york,bachelors,8.502897834343099,79294.31124038948,23/12/2012,2.0,4164734110
EMP0386,MIA SMITH,29.0,M,engineering,AUSTIN,MASTERS,4.830842794924545,96627.99170794302,09-07-2013,3.0,
EMP0294,Emma Jones,21.0,Male,sales,NYC,bachelors,13.989273682475128,90676.74269236709,05-14-2017,3.0,(629) 897-8290
EMP0414,sophia thompson,40.0,Female,FINANCE,SF,HS,5.667699141595323,94896.46097192777,01/03/2009,2.0,420-185-7221
EMP0344,amelia jones,32.0,Male,sales,AUSTIN,MBA,,,04/03/2022,3.0,9914304587
EMP0258,OLIVIA TAYLOR,44.0,Male,Eng,AUSTIN,MBA,4.898808424599748,106129.490607904,2007-02-22,4.0,
EMP0309,Charlotte Davis,46.0,FEMALE,engineering,San Francisco,B.Tech,,56225.11198136846,06/02/2017,4.0,486.263.9437
EMP0150,Ethan Martin,34.0,F,MARKETING,Chicago,phd,0.0,63685.54393442523,13/11/2013,3.0,(813) 013-4544
EMP0131,Mia Thompson,39.0,male,Operations,New York,Master,14.983690477388707,79057.10424260676,09-12-2005,4.0,8009752640
EMP0152,  Evelyn Garcia  ,35.0,Male,Hr,San Francisco,bachelors,12.038853995660105,85378.16538521291,12-25-2006,4.0,(633) 548-7099
EMP0360,evelyn johnson,57.0,male,Hr,new york,Bachelor,18.448835518066375,,2020-11-24,4.0,726-527-2917
EMP0100,Ethan Anderson,18.0,MALE,Operations,SF,bachelors,8.609172918669223,92853.69630028734,25/03/2006,3.0,
EMP0373,NOAH WILSON,41.0,Female,mktg,New York,MBA,6.523553480003748,88630.40453077112,10-07-2004,3.0,236.228.9175
EMP0088,Evelyn Thomas,32.0,F,FINANCE,new york,PhD,6.586480021619351,70814.22632036719,08-23-2017,2.0,(498) 939-6396
EMP0459,Noah Taylor,58.0,male,fin,chicago,phd,2.0448297258611863,80344.06934478001,2015-04-11,3.0,910.683.4195
EMP0331,elijah jackson,41.0,FEMALE,engineering,Austin,PhD,10.236139752920565,117895.52873143801,05-18-2019,3.0,9888228352
EMP0381,Lucas Walker,43.0,male,MARKETING,chicago,B.Tech,,40883.0520925611,2004-04-10,3.0,671-697-3750
EMP0467,  James Miller  ,51.0,MALE,mktg,AUSTIN,HS,12.279727160516954,100156.5937066755,12-11-2014,2.0,606.923.3722
EMP0122,JAMES ANDERSON,42.0,M,Eng,new york,HS,14.831841563399761,54522.26185721827,04-26-2011,4.0,6104866937
EMP0500,Ethan Taylor,19.0,Male,MARKETING,new york,PhD,5.389248199890801,,07/08/2013,5.0,357.559.6721
EMP0021,  James White  ,50.0,Female,Hr,SF,phd,14.607808258556219,61040.186903810914,11-06-2012,3.0,(300) 494-8533
EMP0189,  Evelyn Davis  ,23.0,Female,Hr,Boston,High School,11.637856203813275,51111.21093645175,09-14-2007,5.0,243-923-7869
EMP0072,Ava Johnson,23.0,MALE,human resources,San Francisco,MASTERS,0.0,32576.480721461696,2024-01-04,2.0,(979) 219-7094
EMP0107,Ava Harris,25.0,Female,Operations,San Francisco,MBA,3.5783961848008827,5000.0,04/02/2018,1.0,816-855-7705
EMP0271,Lucas Lee,36.0,female,human resources,New York,phd,,80788.59785270273,07-16-2000,1.0,392.330.2503
EMP0412,Amelia Williams,,M,MARKETING,SF,HS,7.5372784859527995,,02-15-2011,5.0,9784292761
EMP0436,EMMA JOHNSON,34.0,female,human resources,AUSTIN,MASTERS,5.792755157118268,63238.222324667215,08-13-2004,4.0,
EMP0103,harper anderson,,female,mktg,San Francisco,High School,4.852564665171243,63862.14887665927,02-06-2010,2.0,(544) 783-9686
